title,category,brand,modelno,price,SampleID
7259,9888,1151,4387,1734,9024
362,7849,6353,3773,4852,10027
8681,9888,1151,1151,6623,8575
4455,6892,5715,1764,3299,10096
3085,8022,8950,6678,7301,9857
3319,4394,7708,7771,1795,10287
3644,3033,4406,2754,8505,8509
8849,4223,9307,82,10164,10218
8683,7554,5483,6629,3292,9381
5612,4956,6353,1717,9146,9592
5687,7446,867,5489,456,9626
5539,2621,8076,10245,8553,9371
7784,4686,9640,1717,4019,10415
8838,10164,1460,7297,9785,9792
1274,4749,6616,2831,8686,10376
9558,4090,589,9904,5798,8814
7545,6066,8957,1323,9505,8688
2093,7341,7451,9280,2160,9103
57,4223,7259,779,9994,9786
865,3960,9851,498,9169,10340
22,3297,1679,5569,8696,9425
9791,8801,1151,7264,4735,8792
10207,10131,5639,7545,35,8878
5364,7470,3766,8957,9018,10430
4954,2536,5152,5762,1212,8508
1398,9040,1679,9888,334,8831
8784,4223,3292,5762,7902,10174
10009,6443,6751,7006,8570,10343
5612,2901,6094,6267,4216,9117
3133,196,5996,3085,4675,9665
1817,1505,5696,8682,6332,9086
7830,9146,4152,7297,1869,8687
22,6094,3131,1178,4058,8712
5335,9146,3759,5687,6582,8845
7849,3297,6353,4593,879,8951
4224,1125,867,7661,9053,10041
22,5364,2173,545,9585,9801
8733,8441,4586,6629,25,9134
4370,196,867,7276,10164,8939
8570,3301,8886,10213,4988,9062
7156,7822,2205,5798,7834,9976
9552,7357,6353,3031,4109,10021
4024,5651,8600,10396,3658,9699
8832,1125,18,1888,5796,9445
331,1144,9994,7470,8784,9874
1933,8782,2205,9409,7349,9216
8600,6892,1144,9898,1329,9347
3569,7446,5193,6061,5557,9217
6252,9858,6353,6875,5651,8870
605,1216,9472,4701,456,8605
5687,2403,6353,57,5125,8866
8733,6696,9307,5310,7359,9490
1674,10131,9955,7443,9640,10217
7220,9007,9851,9904,6803,10384
2384,6443,6353,9164,1928,10410
2901,6844,2712,9955,2536,10273
5387,9150,4406,8441,3774,10045
915,2403,1643,9280,7382,9564
4370,3774,6353,4898,7976,10369
5338,7119,4406,8674,4058,9734
8217,4090,5715,3319,1308,9339
6623,7849,6353,370,5938,8914
5590,2901,2712,8441,5406,9617
9782,5335,6094,2754,2073,8459
5447,1216,7316,8174,9280,8885
2872,2361,867,926,9139,9647
3868,6094,4523,5637,10207,8493
8748,1125,3291,5182,2885,8717
10048,7446,867,4404,4370,9743
8696,6094,8733,2965,3804,10003
3451,8022,1549,6629,10009,10401
7119,1216,6322,1336,3677,9498
8917,9888,1151,958,1084,10399
437,8487,1151,1619,4455,9414
3068,3182,6353,9731,7513,9562
8801,4675,3774,3077,4090,8464
3403,3644,4511,5637,8963,10106
3085,8022,4511,9898,3311,9713
6384,8782,6252,2901,2787,8751
7849,286,2205,1247,7359,9123
681,8224,4511,7297,8763,8710
3085,9888,4511,5310,7301,8632
10396,7486,5037,1308,1196,8798
18,4686,5526,3077,4617,9944
2388,7773,6322,1505,5696,8906
9983,10245,1151,3302,5890,10211
437,3644,1151,8522,6399,10394
8773,2837,3940,8224,7771,9020
5144,2901,3046,4589,334,9031
5489,7773,3759,3688,2372,9380
5687,6388,2972,2901,8973,9333
5301,589,2633,9357,456,9927
8733,10131,7909,1369,865,9004
7119,6892,4511,2965,35,8711
8076,9858,4406,9472,5175,8778
5473,3644,4511,4593,4734,9452
5637,1216,8445,4216,4781,8577
7785,8782,3301,2178,3895,8483
5364,6066,3658,3292,327,8882
5473,3644,4511,8025,3635,8398
4781,1125,956,6751,5938,9671
2677,3676,956,10271,199,9748
8600,1144,3658,6661,865,9745
5447,1216,7821,6629,5597,9846
1801,1023,1151,6661,9288,8589
9904,9689,8445,8104,3299,9930
1336,3033,5996,3587,8505,8498
1817,3688,5696,8682,6332,9026
9983,1216,7821,4701,5296,10104
9768,10351,4586,2178,9018,10169
7259,7486,5996,7661,7782,8964
975,20,9472,6066,2609,10196
5994,6892,8571,9177,7603,10225
5387,9904,18,2641,9890,9776
1764,4457,4511,879,7470,9412
7156,2403,3292,6094,605,10085
7119,10009,2132,5473,200,9195
2129,3644,1151,3798,1196,9289
2662,2361,5193,4267,9169,8574
3403,3644,4511,3863,1734,8855
3005,6323,4526,3587,8069,9719
1764,1398,6353,9150,2885,9121
8748,2361,1533,7545,3951,9726
9886,1108,5715,8748,5152,8567
2741,9888,8950,1505,4734,8942
9858,7341,9307,2971,2885,10051
3301,3644,8950,5649,7652,10005
9785,1641,4406,9018,6094,9268
3988,10131,3774,7891,8784,8734
3222,3644,1151,5637,8963,9778
4729,7486,5037,2754,7834,9986
2741,3644,8950,7262,7297,9780
1597,9888,1151,5637,4058,9273
8963,7446,5193,6061,5557,10389
6513,9888,2173,3280,3774,9659
6270,10131,8613,5798,9547,9777
789,9888,1151,9150,9288,8503
2046,3297,956,9472,1346,10305
2268,8801,8950,3269,3695,10119
8849,10254,1151,9553,8284,9631
3646,6892,200,3248,4370,9069
4152,5335,6094,2754,8782,9186
6714,3895,4406,8674,5651,9651
1178,7470,418,25,7018,9235
8284,3644,8950,9177,7945,9362
5157,9888,1151,7295,2334,9353
4826,3297,956,8020,5511,9458
7771,8801,1151,6661,9288,8507
8963,10131,867,8556,4067,8765
4675,3644,1151,533,2575,9706
5938,3508,8441,10164,7708,9112
9463,2687,3131,6875,5781,8887
3509,4780,5539,682,5125,9451
6714,9395,5696,5572,8108,9537
5387,10131,3131,5182,148,8402
10201,3532,10198,2754,3337,8562
9547,8224,4511,9808,5125,9466
10307,5387,9725,5612,6500,10074
10201,6094,9731,956,6864,8987
6507,8801,867,8505,9604,8690
3569,196,6353,7006,5520,10387
10009,7263,6322,10164,7782,9046
561,9888,4586,5597,7262,9967
9994,5815,5387,8096,10164,9727
10048,10131,1679,5649,6863,10007
6934,9040,3046,1177,2384,9398
3222,528,4511,6689,5364,9144
3646,10164,9768,9472,4155,9442
3646,3489,3774,3248,1769,9917
9904,1125,956,5762,7712,8918
8600,3301,6751,1505,741,10182
8696,3508,546,25,4679,10060
6384,973,1643,9164,7470,8440
5310,8224,4511,3774,5520,9301
3853,3644,1151,6661,1094,10371
5526,7773,2205,9808,2160,9179
5447,2361,3798,1860,8877,8699
9678,8801,4734,3077,8782,10168
4675,7486,6353,7775,7966,9467
8681,9888,8950,2712,6115,9173
5182,1155,4406,682,973,8512
2419,973,9307,6094,8025,8868
6678,3213,7178,2754,7357,8768
8240,9788,3301,3672,8230,8608
7784,286,2205,6882,3895,9601
9768,6640,2712,8284,4686,10390
6680,9040,4586,3625,5444,8413
3068,7119,6353,6267,200,9032
3764,9851,4406,1923,6703,9901
8681,9888,1151,8833,3508,8427
6066,10131,9851,8849,8553,8874
5447,9888,956,4991,8571,10235
7654,6443,10264,2893,1869,9097
4729,9888,1151,1365,2395,9682
10307,6443,1460,8096,3677,9557
3509,7486,2205,8682,9280,8804
1869,2403,2132,8593,7272,9504
5527,9888,8950,6066,915,9231
9768,973,6353,305,9585,9049
1278,4956,9955,7259,2885,10297
9782,9888,2419,9018,6936,8536
5447,7822,2205,3764,5157,8609
7993,3644,1151,6790,6399,10179
2622,8556,546,3501,1460,8672
5312,10131,867,5649,6301,8491
561,5406,3182,1888,10048,10311
3569,196,5996,3988,2361,10312
8681,9888,1151,8556,7301,10083
2971,4735,9768,956,589,9736
7183,9640,4747,9898,2111,9229
6599,6696,3301,1717,7513,9497
9547,10131,3774,9280,5590,8410
3587,9888,4511,8284,7624,9332
5687,1641,5798,9164,4658,10408
3085,1023,4511,8505,2754,9992
7773,2621,4511,7196,3311,10419
3368,9888,1151,3291,5364,10391
1597,8801,4511,8520,10137,9078
8832,1216,18,6428,5125,9718
9808,2901,6094,9791,4019,8728
4155,5536,3301,9904,1212,9192
8733,9146,867,682,2332,10244
9558,3644,1151,8957,9139,8960
5023,3126,4335,3126,1538,9285
7782,10131,9307,5965,7891,10285
711,9888,5125,8284,7382,9132
9904,1216,7821,6267,4155,8599
9753,10198,9472,4701,25,9444
2551,1247,7382,1286,5590,9879
22,9150,9715,6875,10164,9247
8681,3644,8950,4050,1217,9579
4394,3182,6616,4701,3868,9634
2178,8022,4511,4767,1956,9264
4580,4394,10070,9280,2536,9278
958,2905,5037,2361,10271,9110
4216,2901,1817,5687,38,10247
2662,286,4526,8833,5715,10170
1217,437,2173,8275,1084,9523
2741,9888,1151,9150,5696,9618
4050,3644,2093,53,8830,10260
1489,7263,7708,7196,7623,8618
6066,7849,8917,2962,4050,9639
6579,6892,6353,8441,3756,9056
9585,2901,7821,9791,6640,9296
3292,8022,4650,5310,1795,9481
4219,3644,1151,1460,8603,9156
8076,1125,9768,4747,5226,9422
2268,9888,1151,788,148,10028
5936,3634,1460,2334,4223,9083
3301,9888,1151,5388,1084,9404
1869,1125,8522,1151,2144,10180
1108,7382,3131,5798,8784,9697
3085,1023,8950,9177,5696,9218
4141,2901,6094,7262,3502,8610
9580,3644,1151,3798,41,9648
8832,6600,6322,8096,8553,8791
4896,8022,4511,8096,2536,8760
5936,286,6353,4526,9983,9514
7785,5536,3301,5489,1618,9228
5687,1641,5798,9164,3302,9937
10396,7486,5037,8833,1196,9774
4309,6388,7993,2089,200,9405
3068,6941,9565,4239,8439,9593
9638,10131,1679,5845,8803,8761
2662,3644,1151,2963,5572,10276
5527,9888,1151,8877,10396,10052
674,9768,1151,2754,5890,10365
8963,4223,5193,9643,1177,10356
5447,9150,2905,6751,4586,10344
4574,8801,8950,25,8683,9662
3085,3644,1151,3291,7259,9415
18,3644,1151,1196,1365,9758
4729,3644,1151,8441,3028,9449
5338,5335,3046,10257,5743,9860
3509,1216,9715,8174,1346,9742
10264,4394,3292,6267,3068,9882
10198,1216,956,9580,9888,10138
8445,4223,4406,6751,2419,8911
6252,2972,18,8733,5051,8531
7867,3774,4406,4239,7486,9485
7291,528,956,8441,4141,9054
1656,4749,6751,5473,2857,9468
9580,3644,1151,1365,6882,8836
6576,5651,5536,8696,1651,9363
9785,7446,5193,4699,5557,9016
5312,10131,6353,7849,5377,9118
2046,2445,18,9904,5406,8598
18,4090,1151,3798,6301,9802
5338,10131,8445,5572,3988,10226
834,3644,1151,3798,5125,10047
3798,7263,956,1336,8429,9214
2741,3644,1151,3569,3502,8623
5495,9788,3658,3688,5867,10125
2132,6388,3301,1860,2085,10259
8681,528,2093,6678,5890,8412
7784,3297,9638,1308,3004,8815
6384,1934,6353,5388,8450,9724
8683,4394,867,8830,903,9550
7634,5597,9851,3311,1296,9287
3280,2901,18,3077,3502,9818
9785,1247,5193,7009,7507,10108
3582,6892,5715,498,7513,9728
7849,6892,200,5890,2831,9919
8076,9888,2205,5483,9409,8991
6322,1320,3301,7006,9782,8596
5495,3658,3658,3688,9585,10039
4511,6443,3301,9955,9139,10300
4580,327,2205,3773,1084,8978
7259,9888,1151,9150,1734,9790
8096,1125,5193,4267,9169,10078
1329,1247,5193,2893,7624,9394
3133,3845,3301,9858,5388,8525
2687,1023,4511,879,8108,10289
4455,5447,1151,9586,6659,9691
4675,9888,1151,5387,937,9080
2662,1125,1151,9955,2132,9721
7262,3644,1151,334,8571,8680
6096,6443,5569,6661,2649,9520
9904,3297,7821,8096,537,8745
5687,4090,2712,5696,7782,9208
1460,9888,8950,4712,2375,9723
3868,589,4523,5637,10207,9767
589,9888,1679,7183,3305,10377
7259,9888,4511,9150,1734,9210
951,3634,9851,5182,4141,8813
9904,6371,2173,10413,6500,9421
1084,9888,2093,2089,5743,8718
5447,2361,3148,7634,7782,9685
4067,3634,9851,9791,3675,8907
5536,8556,3046,5687,8237,8591
3569,8801,5996,3988,1177,10114
9580,3644,1151,1619,7163,9076
8450,9150,1144,5310,5124,10421
4897,6696,8237,8957,9146,10015
7902,5335,4586,1505,6819,9627
2491,2403,9731,2962,2132,9829
4167,7341,1679,9164,9585,9002
3005,9640,8733,3773,8174,9408
1278,528,3292,3688,5651,9584
7771,3644,4511,6094,8217,8749
2322,2901,4152,9409,2930,9419
8443,4483,4586,9888,741,8800
7902,9565,6252,3895,9606,9575
3337,3509,2633,8823,6443,9732
7902,2403,418,1369,1734,9003
5182,3625,6322,682,9731,10120
6399,327,5696,5572,8108,9034
9768,2403,7909,5597,4019,9805
10207,3182,6353,5364,10265,8805
7259,3644,8950,3163,2837,9021
6875,9888,1151,5687,6399,9401
8240,3644,1151,4267,1338,9041
2388,3644,8950,4712,7782,10147
3301,9888,4511,5388,1084,9660
8600,6640,2205,4991,1217,8550
8076,674,5696,1286,7661,9487
2388,9888,4511,5310,4734,8490
1850,528,2491,1336,9715,9406
5473,1875,4511,1764,2375,8662
2388,3644,8950,4712,7782,9001
3403,3644,8950,4686,5715,9262
4019,7263,5483,8556,7603,10044
10164,8556,2633,5687,9288,8506
10164,7263,8957,5687,4679,10101
5597,9007,3774,9898,4781,8469
4954,4406,4734,7775,5051,9960
50,7849,1679,2641,537,8414
4747,9768,4699,5527,3898,9246
3301,3644,8950,4526,4686,8915
2388,3509,3774,9472,5798,8411
10164,6066,9731,1627,5483,9502
9689,8810,1460,4370,4312,9763
7192,4394,8441,1505,867,8453
1241,7357,6353,7470,674,8523
6384,3340,1151,2962,1369,9803
2205,6696,1627,25,200,8982
3403,8801,1151,4235,4735,9958
6934,1125,956,5798,741,9492
2994,6892,1549,4580,3569,9178
3988,9888,4511,25,7006,8563
4780,10131,867,6507,8803,9578
5301,5364,8670,9731,7771,9545
9785,7446,8670,6061,5557,9794
8786,5406,9472,9553,5913,8738
7634,8556,6322,8025,7782,9386
7988,1216,1151,9788,8505,8772
8917,3532,6353,5182,8522,9197
3756,7621,3301,8441,2852,8881
9725,3634,4148,2361,4650,8548
7902,6443,1460,5597,3068,10076
6322,196,1549,3773,8217,9635
754,7554,5037,8823,1084,9695
737,53,1549,682,7487,9708
6324,5335,6353,7988,7495,9688
5527,6616,3658,5364,9731,10187
561,2403,9768,3145,8957,9010
8570,8556,1549,8022,3798,10266
4534,6892,1151,3302,9678,10424
2901,9858,3301,7545,9904,9664
4511,4483,867,62,8782,8897
3868,9146,3759,9429,3635,10263
9785,7446,8670,6061,5557,9679
5637,1125,3131,8674,1296,9865
9558,10131,6353,7661,3868,9652
5182,3532,8522,2089,6803,9990
3085,3644,1151,6507,7661,9125
8450,10009,1549,1717,6467,8627
5037,286,2205,10351,4589,8732
5387,8224,4586,6267,334,8694
4580,3297,9725,5182,2885,8995
3297,6066,1817,865,8733,10336
5687,8957,867,2962,789,9922
2094,1144,7821,6428,4058,8856
9558,370,7451,2361,10307,10077
9886,7993,1346,9146,1869,10139
456,9788,1549,3133,6751,8896
5597,3845,6322,8156,6623,9655
8429,5387,3131,8682,4637,8721
8553,3644,8950,5798,4155,10221
3677,3297,4899,10413,9904,10402
2388,3644,3658,9280,6431,10157
3563,7486,1505,8240,6844,8472
6803,2901,8613,7009,4637,9799
5447,4024,3046,4900,3240,10274
4526,4394,1679,2754,8957,10012
2388,4090,1151,9150,4148,9885
9785,6640,1151,6790,5651,9256
6708,711,6094,5649,8022,8676
62,8025,1679,2144,1505,8607
5612,9768,6353,7178,9606,9814
8832,7849,7821,3182,8973,10058
9553,3569,9472,8441,5226,8981
10070,1216,589,9543,8568,8420
5473,9888,4511,3798,6324,9389
2173,3148,5526,4701,5226,10400
8681,4457,1151,5483,8849,8997
7634,6094,8733,5169,6882,9936
3569,4223,8670,9150,1353,9861
5473,9888,4511,8025,3635,9166
10271,741,5483,2536,1262,10342
5539,3658,589,7183,8613,9154
7993,9888,4586,5696,5651,8651
1151,9643,3853,9904,1679,8723
38,9307,4024,8582,8603,8457
2388,2361,956,3031,386,9686
8786,3182,9731,546,9552,9019
5312,6621,9472,9904,6582,10143
5649,7773,674,5637,7451,9605
3587,3644,2132,7443,4735,10161
9933,4686,5687,7178,5798,9291
9904,1505,9768,879,8240,9747
3387,1216,18,4701,5938,9654
7784,6323,3301,1247,1274,8811
2712,2901,9851,2971,1296,9750
2268,3182,2712,305,1112,10167
6714,1023,8950,2963,4749,10133
50,2361,5193,4267,9169,9947
25,4090,1151,5325,3988,8812
8849,286,3774,4900,6322,10192
3508,9768,5536,6751,6934,8595
4778,6934,3420,8022,8980,9959
53,3895,5037,305,6066,10318
362,10131,1679,3163,2361,9243
9994,10131,6790,8096,2878,9447
7446,3644,1151,1196,1296,10127
737,4394,8156,7891,3248,10090
9725,1216,867,8954,2687,9798
10048,10164,1804,9463,2712,9740
9464,7119,5639,5526,3688,9716
10009,4455,4406,3582,5520,10246
3085,3644,8950,7295,2334,9548
7993,7446,8445,5965,7470,8409
3085,8556,8950,2837,2330,8806
7577,1125,6353,8957,3895,9611
4699,7178,4523,2649,5651,9789
9904,2901,6094,6267,4148,9239
2971,8782,5536,9731,9280,10049
951,2901,3332,1888,8450,8657
1804,3213,4406,5965,7966,9931
10137,5651,2205,1860,7834,9893
52,4534,1549,2575,7495,9934
9904,3644,1679,4216,5913,9573
5338,1216,2205,6629,4155,9074
4637,6892,3658,10207,2388,10121
7262,3634,8613,5296,4767,8899
9782,537,1619,8228,9288,9106
3301,9888,2178,1717,7301,8612
789,3644,4511,5296,3635,10352
8959,4090,1151,9904,52,9391
4517,1618,6579,9280,6324,9416
6790,4715,4899,1336,7545,8424
9904,1216,8443,9280,4898,9313
4580,57,18,9164,8076,9151
9553,2403,7821,7545,9983,9572
50,9784,4734,7634,8439,10416
18,8022,1679,2089,221,10324
1850,528,1549,2754,5983,8898
8963,9784,4406,7891,1804,9642
7220,437,2205,8104,3291,9894
9585,3297,1679,2388,2392,9111
1933,1216,8445,5364,9018,10411
7259,9888,4511,9150,1734,8970
9580,3644,1151,6260,8444,10223
7993,3625,6322,1717,1613,9066
4991,7470,1769,6260,2965,9574
7993,9040,6576,4024,7513,9286
9768,9040,5639,6384,1178,8665
8681,4090,1151,2575,6371,9590
8682,7263,3301,4701,5051,9136
8681,9888,2093,1505,4235,8903
5687,9007,2972,2962,4646,9645
7220,1641,6353,2575,674,8904
3085,8022,1151,9898,1674,10175
5447,9040,200,4404,4206,9471
7220,2901,5687,9307,334,9598
2662,3033,7821,5847,4611,9426
1869,973,6353,3774,7853,8555
3451,1274,8950,2186,10245,9128
3403,3644,4511,3863,1734,9315
9580,3644,1151,1619,9785,9619
7446,3644,1151,3269,9898,9953
4580,1125,2205,5182,6467,9174
2662,20,8443,6267,7495,8423
25,3644,8950,7443,9963,9712
5639,4956,6353,6689,2073,9354
3569,537,4406,1336,1177,9411
1505,1247,8237,5483,3766,9739
3732,528,4511,2963,1084,9991
3658,7849,3489,1888,1196,8891
4455,6696,3658,3773,8980,9316
3403,3644,4511,4593,4734,10166
1538,10351,9638,6094,5402,9184
10009,4394,3292,6267,6066,9826
3756,3569,10198,7661,6267,9331
5387,6094,10351,3248,1769,9456
950,9040,3046,4701,1460,9909
3387,7446,9472,3077,4735,9328
7993,2901,2712,4330,1679,10200
4511,1875,9788,8441,1023,8421
6936,3489,7451,5017,4646,10350
1627,6323,8571,3292,9565,9377
4117,10177,3148,5489,6771,8678
3988,9888,8950,9150,9288,10382
3509,973,6353,5696,9280,10241
18,4090,1151,5444,4637,9330
93,7849,6353,9888,1028,8931
8833,3644,1151,4206,8782,8841
8225,5335,1679,2754,5575,9646
2173,9888,8950,7830,5444,10298
3563,528,2093,8556,5520,9037
9472,973,867,6882,4148,8635
2419,10271,3301,6751,5994,9864
10009,8441,956,62,7950,9099
53,1734,3569,8441,7470,8847
1084,3644,8950,3163,5715,9220
5527,3148,9638,8240,9039,9915
3403,3644,4511,5637,8963,10341
8748,8782,2905,2575,755,8517
4589,1641,4152,5489,9731,8647
9552,3644,1151,5221,1795,10302
4646,8801,867,5310,4123,8675
3868,4239,7682,7006,6882,10132
9994,7486,9851,8096,6324,10313
1112,9966,5536,3368,9288,10309
9463,1216,903,7849,817,9025
18,3297,6353,3299,4235,9014
3005,4735,6576,3299,6936,9929
9558,2361,1151,545,5537,9569
6696,5537,6322,2388,3951,10000
2901,8224,2132,9409,4019,8434
6087,6066,4899,3509,1997,8476
9669,10131,1505,4526,5364,10094
8773,8487,9731,956,950,9274
7993,5815,956,9164,148,10054
18,8634,3301,3569,5124,10412
3403,3644,1151,5388,5527,9954
6941,528,867,5310,1643,8965
6945,6892,9785,5296,9565,9431
1323,2548,589,9280,2132,9304
4675,8950,18,8104,498,8736
8832,7554,7821,4267,5890,9891
4954,1155,6252,9888,8174,8937
4534,1144,1549,334,7382,10228
7220,8801,2741,5296,1212,8584
6599,2901,9768,6267,4223,10231
3085,8487,8950,7797,7661,9517
7192,5651,4406,6094,6926,8788
671,789,437,926,9933,9402
5387,4896,8441,8104,3340,8922
2741,4090,1151,2754,5169,8974
3509,4749,5037,9808,7834,9533
4802,327,8441,3368,3693,9477
7730,6892,1769,9177,7785,9158
9785,327,4406,9966,2712,8709
4526,5335,4517,682,2447,10227
7577,7263,867,5796,6934,9165
8582,6094,8803,2754,2445,8771
10322,9146,4406,2962,7957,10064
10155,5651,5798,8020,10131,9329
9904,5364,2205,4216,6284,9978
5527,7486,9307,5325,7712,9090
8450,3297,3301,8275,4940,9972
3509,8556,9508,35,7516,9797
741,9888,8950,6066,8886,9475
7192,3301,3658,2787,9585,10216
8681,9888,1151,4387,3451,9597
7259,3644,1151,5296,5146,9005
9823,7624,6353,9164,6115,8501
8683,9890,3028,9249,714,9813
9552,1216,1679,5696,9060,8840
8570,8487,9731,2403,7821,10033
22,5335,9851,8877,7083,8767
2322,9553,5152,9472,4670,9042
3133,3297,9955,5597,6803,10024
367,5815,956,7656,4701,9825
6630,9689,2132,10070,4988,8900
3563,4675,53,3688,714,10093
3634,8556,9508,2575,6934,8641
6599,6892,3301,6115,4216,8677
9904,9638,956,2901,8275,9260
6323,4309,8522,57,3387,9620
3301,8022,2093,2527,2330,8969
5447,4457,7821,1505,2641,8821
2388,3644,1151,6260,6926,9581
7821,1533,6252,9904,950,9469
5013,3213,3301,4900,3724,9524
7821,3182,9731,546,716,8759
1674,5335,9851,5325,3625,8807
3509,7554,9508,334,7712,9369
8832,1216,7821,3182,7495,8538
5338,4394,2905,3145,221,10321
4675,3644,1151,9898,5051,8895
3085,3644,1151,5221,4312,8989
7443,8801,1549,9731,589,9430
1097,5335,6353,2754,6623,9615
8832,1216,8445,6267,9018,9764
3085,8487,8950,6260,1217,10304
4580,1125,956,9904,6945,9432
7849,3340,1144,9007,386,8393
8748,8441,6322,1769,4058,9869
35,1247,5193,6061,9164,9448
4155,8801,8950,2186,6388,8780
8917,9888,1151,4387,1734,8927
8963,5301,5996,1151,4675,9982
2388,6443,1460,5649,9060,9694
8957,327,3646,25,4679,9011
5387,4090,7821,7006,7487,8862
8230,5447,9788,8957,41,8529
6066,4394,7909,7443,6301,8436
6544,3644,1151,6790,6399,9657
8810,1875,9955,2144,5364,10277
4109,3644,1151,6260,1217,10202
5575,2962,8670,10257,4670,8700
8773,41,9955,9177,10191,9023
7259,8556,18,4483,4067,10189
4574,7263,4650,35,7516,8705
9666,5715,10131,7486,4455,10354
331,4394,3658,3182,5867,9796
1241,10131,9788,10271,8522,9009
2419,286,4483,4024,6634,8652
9768,3634,4586,5762,10190,9696
38,3845,8957,3563,4443,9384
4435,2403,9768,10257,8784,10272
5936,1216,4406,7656,9788,8926
3373,9040,2205,6267,6301,8668
2347,8556,1151,5890,9848,8606
10009,2901,6094,5520,8450,8438
2741,3644,1151,7295,9139,8797
1933,7263,674,682,9146,9928
4954,3634,1643,682,3732,10034
7902,2403,1144,334,2609,8858
10307,9558,1151,7264,1196,9880
2662,9888,6066,8522,3311,9388
9678,3644,867,9007,5051,9238
2905,5511,3658,5023,4767,9327
3695,9053,8957,5687,4216,8653
8582,6094,4152,3077,7957,8860
3403,8487,4511,5444,9288,9064
3420,8556,8957,25,4224,9486
7656,6094,589,9319,1084,9772
6500,8803,9508,5539,5301,10437
7730,10131,3131,5649,3046,9522
9782,528,6094,1817,4216,9924
9768,10131,9395,9018,35,8474
561,4394,2905,5965,7771,9896
9785,7446,5193,1336,5557,8947
6941,4455,8522,7006,5226,9577
3133,10131,5996,4235,10009,9318
7192,4394,9851,6384,1734,9082
737,4394,1286,7545,4033,9855
7119,10131,9472,4712,3502,8646
4235,8022,5017,1336,8553,10275
10164,7156,8957,5687,1286,9435
9249,9146,9886,5965,5798,8478
2073,286,6353,4216,4050,10325
6623,8801,4511,3863,5696,10293
5760,1125,956,6094,674,8842
6945,3297,4167,5539,327,10142
9558,4747,3182,53,7834,8968
3085,5994,8950,5651,7301,10438
1241,4455,867,5182,7451,8495
4152,3213,9307,2334,7641,10380
7156,10131,5965,6252,956,9248
4523,7341,5996,3368,5483,9379
35,4749,1679,9280,8108,8403
6875,3644,1151,7821,6399,9098
9553,2403,3182,2089,2885,9506
6399,7486,3046,6384,8681,8770
3403,3644,8950,4650,200,10145
4611,3213,9851,1888,3951,8808
5265,9888,1549,3688,8957,9832
7849,196,9731,6384,1353,10425
5612,6475,6353,7545,7006,8432
3658,9007,6576,3496,4148,8614
537,6892,1817,9898,9288,9367
9782,5447,6353,1892,334,8547
7974,7486,5526,4701,6844,9854
1933,9464,4586,9409,334,9499
3496,8022,1151,1286,3646,8698
8444,3301,4523,1923,3764,9084
5696,6094,9768,5847,8174,10436
9586,4223,1460,9791,6623,10278
9785,3634,6353,9164,1084,8835
6066,9788,4526,10271,5867,9459
3261,2403,3292,2388,879,8559
8823,7263,3569,1928,7771,8852
53,3644,8950,6066,3451,9129
4455,10198,9851,552,4155,9276
5762,8801,2972,3077,9146,10429
681,9888,2093,2575,4141,9101
4050,4090,1151,3798,1196,9862
5687,8957,867,3688,8681,10299
7291,2403,2132,8174,7712,9834
7220,9146,1151,1956,5388,10050
8681,9888,8950,4900,7301,9309
6678,1641,7451,6094,7957,10229
6384,286,1151,9164,1217,10105
545,9040,4406,3299,6659,10374
1933,6621,8894,1888,7624,9242
659,8211,9785,7297,9656,8645
2144,5335,9851,8096,5157,10290
2741,3644,1151,7661,8450,10117
1719,729,8522,10213,7891,8397
8733,10131,9955,3020,1353,8549
8553,8224,4511,9904,5715,9633
5368,3182,6094,3853,5157,9194
8076,4090,4511,8096,4940,8581
10009,9768,4406,9955,7785,8921
18,2403,1549,6751,8230,9650
3868,10131,3301,5388,5520,10339
7782,10131,9768,2754,9963,10347
6284,5639,6576,9888,4589,9596
7849,6892,3658,5890,754,9185
8681,1216,1151,8748,4155,9722
9357,9395,10131,546,7337,9804
6623,2901,6094,3133,1679,8486
1398,5537,7821,6384,7771,10153
680,6696,9307,7634,4940,8839
817,8801,8950,1791,1023,9207
6714,9888,1151,2963,8571,10022
367,9040,956,5965,1112,10267
1365,3340,18,5473,1296,9043
7220,10131,9788,6751,3895,8594
3587,196,1151,6661,3299,9489
2089,5310,2445,1837,6941,8659
3261,1125,789,2754,5537,9881
956,3145,6322,6087,8582,9589
4896,3644,8950,4686,5715,9840
3587,10198,9851,2334,6864,9819
5447,1489,5639,8441,5013,9630
2712,1505,8445,9904,4871,9948
9785,7446,5193,3085,5557,8430
10164,9858,3489,3311,2837,9935
57,3569,4406,2575,618,9556
38,7773,1151,3302,9678,8919
3274,5815,956,6066,5715,9737
817,9888,5017,9966,5388,8475
2499,1125,9508,1177,6875,9438
8450,3297,3301,9904,2392,10017
9464,528,1613,6301,9858,9884
3853,3644,1151,10271,8553,9993
8733,5511,9788,6267,5013,9359
6284,3145,9851,8877,7083,8471
2073,6066,6066,8957,4586,9240
6941,4686,2712,2178,5431,8408
9429,3960,3301,498,4141,10158
8553,1023,8950,6790,6399,8640
9983,4988,18,6428,1888,8952
8773,9146,2419,2962,2536,8724
3988,9888,1151,9150,6623,9215
5402,3644,1151,6863,6399,8984
8237,3297,6353,4593,729,9413
1338,9888,1151,3798,1084,8468
7291,6094,589,2965,4309,8573
7641,3532,9731,7849,4900,9275
789,1875,8950,7295,1217,9250
2965,53,2322,1336,9546,10082
6284,3845,6322,7359,5651,9870
4650,10131,8445,8682,8211,8671
9904,1125,6616,7196,9053,8404
2388,9888,1151,1764,1737,9143
809,7603,1151,2361,879,9905
437,3644,1151,1365,1296,10062
3403,3644,1151,2963,6623,8924
3988,9888,1151,2965,8782,8920
8733,9888,4734,9463,2837,8554
5182,10131,9307,8240,3261,9091
4852,8022,1151,546,3646,10281
1365,741,1460,1278,3895,9906
5687,6388,6353,57,3280,8473
3509,2361,5193,4267,9604,9065
4109,3644,1151,5483,6322,9705
6322,4090,867,8284,4141,10099
7902,9040,956,7443,3337,8518
5338,3676,9586,8748,7276,8827
9075,2901,3759,5762,4686,10030
4442,7773,3759,9150,4679,9877
9249,4534,4406,7849,674,10404
3085,9888,4511,3798,4734,9831
5312,5335,5526,9580,7775,10258
6941,1125,1549,5473,9053,9519
7849,6696,6353,9280,3569,9079
1997,6640,2712,8877,2754,8929
8681,9888,1151,7301,6661,10004
35,4749,1460,9472,5651,9334
3387,9150,9788,4404,6500,8766
53,8224,1151,3311,148,9516
681,8801,8950,3292,1241,8754
4394,5388,8917,2527,4050,9170
7443,9851,2205,62,7316,8720
5637,7486,6751,9307,6507,8630
561,1125,8886,6094,7178,9594
4480,3213,4617,5526,3489,10152
9547,3644,1151,5637,435,9847
4526,9576,4483,7545,10164,9263
3452,6388,3131,8682,2930,9964
3085,1875,8950,6260,1217,9566
3133,1875,5996,3085,4675,9059
2712,3297,867,7163,1997,10250
9553,4679,9472,1369,3724,9385
8747,1641,9851,3182,3868,10262
2641,5651,8957,7656,5796,9145
1804,3033,4406,10271,7187,9563
4224,1125,867,8104,9604,10209
2388,7893,3292,2527,4734,8826
3387,973,6616,7183,7950,8452
3658,6640,5037,5696,10048,10314
5760,9904,956,10413,2089,8461
2268,9888,2093,2089,4940,9325
1888,5651,5536,7006,3676,8497
3644,7486,7821,3582,10164,9759
7119,2403,2132,3672,9585,9035
9546,9638,6322,3077,4335,9979
1885,9888,1151,1365,4712,9969
362,3509,6322,926,9585,9270
3732,3845,3301,9731,2395,9526
2388,9888,1151,9150,5696,8986
1365,1125,1460,8240,5200,8500
5182,3644,1151,2748,7316,9551
57,5335,9731,3020,4141,8514
5890,41,5569,4523,4141,10243
10070,1216,9288,7661,8284,9092
3988,9888,1151,9898,4309,8669
53,3644,4511,2144,2774,9271
3658,3644,4511,6474,8553,9951
1869,2403,1151,8954,4167,9507
9040,286,9851,716,9169,9482
4899,528,8950,1505,7712,10366
2575,2901,2905,2144,3677,10435
3240,8556,3291,2649,2085,10205
4167,10351,9851,6267,3311,8716
8973,4090,4586,8849,4155,9612
2388,3644,8950,5798,4701,9766
2641,4871,6322,7656,5696,9859
5388,3845,3182,7262,1956,9956
3403,3644,4511,2963,1084,8431
7988,9888,1151,5687,6399,8725
9994,3625,9508,8830,605,9454
6680,4090,4734,4574,6324,8871
5527,9888,8950,8877,4852,8775
789,3644,4511,5296,3635,8629
3868,8556,4523,5637,6696,9157
331,1216,956,8275,4123,9871
5447,2186,2205,62,5537,9346
8681,4090,1151,8593,8450,8802
7784,5639,3301,6629,7893,10236
9768,1125,8076,711,2395,8685
9752,4206,6322,2893,148,10032
1077,5651,6353,3133,8520,10144
6803,5335,3766,682,1764,9503
1641,7263,9731,8593,8603,8708
5687,3532,2972,3774,7712,9907
9784,3658,9725,7775,6467,9203
9782,1125,3131,5473,4024,10113
8458,4749,6751,9955,5913,10441
5597,286,200,8020,9808,9104
35,9904,1679,926,5824,9668
4580,3297,4734,9472,1346,10332
8681,4090,1151,9164,2609,10253
3403,3644,1151,2963,3898,10197
1196,3644,1151,5388,3764,8701
867,737,4511,10265,7545,9462
35,9904,3182,1151,5520,9427
10271,3845,9715,618,9890,8706
1084,3644,1151,2575,8553,8484
6941,9858,3131,7359,6513,8853
2419,6934,1679,4526,5364,8956
9785,1247,5193,1837,5520,9281
950,2803,9955,8096,7782,9070
8733,8556,1151,5310,4309,10291
3226,7156,6353,8571,8450,8631
7220,3676,8886,9966,4586,9932
8950,5929,1928,7821,9280,9518
6384,9146,8917,3133,3261,8620
5017,3634,4734,2178,1679,9261
2633,9904,3774,2144,2445,8510
6751,10351,3853,8441,7712,9827
3222,3644,1151,9463,8571,8834
5447,8782,9725,10070,4617,9741
3085,5994,8950,6678,7301,8666
5023,1875,8445,7443,6708,9488
2741,9888,8950,7295,2334,10345
5936,1489,1460,62,2111,8587
1597,1177,9715,6875,4148,9392
4335,5473,4406,1274,3291,9191
5680,7446,9851,10070,5796,9711
5781,973,3301,3688,2885,9975
1241,3145,4747,334,1312,8872
199,5193,3131,867,7771,10240
1627,5221,53,8696,903,8785
7902,4679,1460,1923,6284,8996
4435,9638,9851,4580,5520,10315
10164,6892,4223,53,1748,9135
7259,8556,3131,1151,4312,8449
2687,6600,9851,8682,6500,9914
1656,8556,9851,3302,9678,8546
4109,9640,4511,6474,5798,8861
9983,5335,4586,7656,9280,9997
789,3644,1151,4900,9463,9988
6689,9888,1151,1151,1084,8697
8570,4067,8522,7682,9565,9614
4852,3644,3182,9888,4141,9480
7262,1023,4511,9643,4141,9756
3274,9638,6616,1216,2388,8988
7577,9307,8670,3085,4675,9968
5597,6094,589,5169,6882,9133
8681,737,1151,5387,4897,10392
5936,3724,6353,5696,1112,10126
162,9888,1151,5388,1084,9087
7163,370,6094,8441,3489,9616
4580,286,2132,2712,5169,9093
18,3644,1151,1460,2388,9757
8681,4090,1151,1247,8450,8794
3368,3845,3489,8104,8487,9360
1643,1411,9890,7545,5511,8967
4675,1125,3301,9904,7301,8729
1398,5364,6353,9904,9782,9326
5473,9888,4511,2963,1084,9131
5182,7486,4406,6674,6507,10066
5965,3644,4511,3863,1734,9298
4650,7486,5037,8582,1196,9219
3301,3644,1151,5388,4961,10023
7682,3644,8950,4686,4658,8602
4675,4749,8670,2334,6301,9015
4780,35,9508,7262,3305,8667
18,3644,1151,5444,4650,9542
2712,6696,1549,6267,4617,10016
8076,2803,1549,5182,3532,9995
789,9888,2178,9898,3305,10098
1885,10006,9851,682,5124,10237
8415,8224,2972,5296,1112,8482
2831,8224,8950,4206,5388,10181
1869,7341,956,4404,9955,10176
6714,327,5696,5572,8108,10355
305,1274,6322,8582,4312,9355
3222,3644,1151,9731,1112,8485
975,2901,6094,8582,4235,8426
3563,8487,8950,9177,7945,10251
4024,9146,867,5473,3302,9029
4511,6621,3532,305,2633,9096
4148,6388,4406,1353,7771,8972
5965,5388,2712,8441,1613,10268
1278,3658,3301,9731,5152,10146
2741,3644,2093,53,4024,10206
1737,4686,867,682,8284,9783
4455,7263,5715,9418,3299,9820
10155,7263,3131,7545,9576,10100
9753,1855,5696,8522,6089,8451
3569,5193,4406,5497,682,9113
5338,6892,9638,6661,3291,9950
7192,2905,1151,9586,9585,9336
5193,1216,9785,4216,1737,9957
6936,7342,1769,5017,9782,9441
1933,8556,9851,7957,41,10359
8963,6892,5996,9586,10164,9875
8681,9888,1151,737,4617,10072
9053,8556,18,5687,573,8526
7220,10131,7821,1353,9169,10063
6941,3301,4406,8556,1177,8707
9150,2901,7821,9731,1196,9474
2111,6388,4406,3672,6621,10067
3732,5597,3301,9731,8450,8492
8284,9888,8950,5387,5890,8756
7092,9888,8950,9955,915,8572
8582,10131,3131,1505,5144,9323
4457,528,6322,1151,5526,9567
5335,3644,8950,1336,9904,9460
3988,3509,6353,682,5520,9168
9051,6892,9851,8600,1869,8908
1817,8022,7821,1505,2372,10159
10009,1216,956,4216,3240,9771
956,3301,6094,8849,7349,8730
5387,10131,7821,926,6507,8740
10009,6892,9851,3302,1717,9107
4394,4896,9955,1764,5431,9225
7993,9888,4511,2837,4734,9591
9904,10131,8441,4216,1737,10296
10271,196,2741,8505,4148,8566
3658,1216,1151,7656,1286,8750
1869,1247,18,5687,1346,9717
2403,7382,9851,1216,8570,8658
4219,9888,4511,5387,8849,9428
7993,7966,956,9955,4988,9690
4580,1216,8917,3046,7957,9602
6941,9888,1643,8556,9051,10420
4749,528,1460,1933,6661,9068
7507,1144,8762,711,8553,9824
4675,3644,1151,1151,6803,10364
8487,5651,4406,7656,10070,9765
9585,7867,9955,5569,3085,10409
4148,4715,3846,25,8634,8714
5387,10131,8076,7470,5013,9116
9472,4206,6353,7196,4033,10172
1151,7263,3774,2178,5124,10193
4455,3845,9715,7359,4058,8850
5387,3688,4406,4900,7966,9943
6941,1125,1643,6094,1247,8739
4480,9532,5310,2093,8823,9028
5526,3644,3302,334,1837,8455
950,4090,4586,9731,1247,9424
3695,8556,1505,5687,741,8564
8748,3644,1679,57,8022,8983
8681,9040,8950,8830,5526,8462
3222,8556,1460,4483,5597,10440
8603,4729,4406,7957,6703,9683
3677,5651,5536,327,7018,8530
10254,1875,5996,3988,4675,9636
8963,3126,4406,7006,1679,8993
5182,9768,2132,2089,4235,9436
3085,9888,4511,5310,4734,9320
3182,2893,9472,4216,5483,9549
9561,4090,8886,9904,5226,10407
3301,3644,1151,5388,5023,9544
1365,7656,4335,4767,618,9370
7830,196,1151,3863,5696,8741
4735,1144,8762,6301,5572,9310
9784,5639,956,7545,8973,10433
7634,10131,867,1151,3635,9910
5310,286,1679,1717,537,9843
741,3148,5526,5364,6844,8534
867,3644,4511,4593,4734,9373
4167,10131,9851,4216,8505,8622
4219,3644,4511,6689,4734,9423
4586,4394,867,62,4117,9680
9784,20,7291,3773,2885,9920
1933,9150,18,8830,2160,9850
8681,3644,2093,6678,5890,9147
8076,973,9472,3853,711,8825
2741,3532,1151,5221,8450,8764
8963,4826,1151,1836,4335,9201
2384,8801,2205,9307,7486,10018
1217,4534,5639,5649,6388,9303
18,8634,3301,3569,6093,9088
331,4394,3658,9280,5597,8752
5447,10131,6790,10413,1618,8722
9638,3182,4699,1619,5124,8558
975,5536,3301,3077,8230,9361
7993,53,6576,7545,6623,8636
5226,973,6353,9007,6467,10043
3509,3148,3569,370,5597,8663
6882,528,7821,5847,5388,9232
9904,3297,8719,7797,8450,9839
10307,6892,1151,5221,7259,8552
1933,1216,18,1923,456,10088
9983,7486,4406,7661,1296,9674
5781,6388,3332,6066,38,9989
4123,3644,4586,4239,4050,10010
3845,5335,3774,1888,6875,8940
8832,1216,8719,3077,3676,10130
8450,3301,1679,8593,2332,8799
8674,5406,674,9007,4734,9624
8522,7773,3291,2649,7009,9120
3301,8634,3301,6066,4067,8679
1196,3644,1151,3798,1296,8617
2268,9888,8950,9018,5364,10110
5597,1125,1549,1888,4312,8779
7309,5537,3046,9409,7301,10417
6833,1216,1643,8674,674,8580
18,3644,1151,1365,5867,9479
6384,5715,3759,3248,2347,9538
5443,8556,5152,10164,9565,8941
9904,10131,2878,3077,1737,8533
331,9040,956,2962,3133,10148
7264,482,4586,4701,2085,9115
6544,8224,1151,5687,6399,8873
9558,2403,7821,6751,4404,9159
6399,5388,2712,8096,9604,9817
4455,6892,674,1353,2403,9670
8963,6892,5996,7297,10164,9190
6945,8556,5569,5687,8553,9072
9994,3845,7853,5296,4767,9224
4675,3297,9955,7661,2548,9608
8217,6094,589,2748,7782,10019
4169,4090,4586,7443,4155,9676
7262,9888,8950,6751,8450,10134
8963,6094,4406,9164,4637,8535
2094,10131,8441,8441,9731,8692
10048,4455,867,3569,5013,8998
7830,10351,589,370,10164,9013
9547,3644,1151,8441,8763,9204
8681,8487,9463,5497,2630,9126
6384,4090,18,3451,7487,8621
8748,7486,6322,1151,9409,9744
5612,741,3759,6875,4148,9230
7187,3644,8950,7545,9409,8664
1674,4988,4586,1769,38,9663
1489,6892,437,8886,8096,10118
8917,3644,1151,5296,3635,9878
50,286,5687,7545,4024,10286
2160,3644,1151,9898,162,9176
482,4735,5539,4404,8570,8901
8681,3644,2093,2901,4940,9437
7842,2972,8670,6629,6941,10270
4580,3644,3774,6507,8684,8655
2698,8556,5569,5687,5965,9529
1562,5338,8670,2186,4335,9775
4511,9307,1144,3400,5526,9470
9782,5447,1346,1717,4517,8789
8556,6443,4511,3988,7516,8516
10009,53,867,3046,7272,8561
1346,3213,4406,8877,8429,10279
8681,3644,2093,3046,8957,9356
18,3644,1151,8556,5798,8395
5312,1125,5760,5473,4155,10046
5527,2901,3774,3077,3940,9187
5473,3644,1151,834,1296,8637
5265,6094,6322,8886,9169,9045
4947,6621,956,10413,3764,8934
4224,528,2741,53,1643,10061
6385,8556,4169,7545,8439,8419
8593,6892,8733,2403,141,10320
7259,3845,3658,5296,3724,8864
9553,2403,3182,1888,2111,9587
7577,1247,5193,1028,5557,8828
3403,3644,2178,4686,5715,10203
3756,7902,3301,4330,5569,9684
3695,8022,5037,334,7834,10079
4593,7446,5037,4223,9782,9781
1869,1125,9955,1411,4312,10212
2178,3644,4511,4370,9169,9632
7264,7156,8957,5687,5628,9293
8832,2361,1533,7634,8784,9387
613,4729,3046,9409,4767,10173
2419,20,3489,6751,6864,9903
18,3297,9955,8696,9640,10362
1336,1641,5996,711,221,8854
4729,9888,8950,2575,5796,9200
9552,4090,1151,5221,1795,10065
1278,10396,956,2901,2905,10124
10265,3644,7316,9177,6882,9755
10198,2186,2205,7196,6708,8893
817,6892,2905,3501,4767,10381
5312,1216,1144,62,5226,9199
7259,3644,4511,9150,3693,9793
3085,8022,8950,6678,8782,10097
3403,3644,4511,3863,6945,9746
8593,6892,674,2754,5497,9259
4141,5335,6094,4370,7784,10292
2388,3532,1151,5221,8450,9965
789,1875,8950,10254,6323,8542
2491,4956,4586,545,6640,9265
6384,3644,4511,10265,4589,8875
7507,589,1151,6507,2901,10439
4067,537,1144,5649,5824,9172
7849,4090,4586,4404,4486,8576
3000,3297,9472,8674,1346,9375
3426,6443,6322,8582,3261,8979
35,5017,5590,3182,4767,9196
4650,7486,5037,9164,1196,9554
3895,5226,867,9280,9731,8902
22,3644,1151,682,1112,10149
5037,6892,3759,5296,7993,9102
9785,7634,4406,5497,162,9844
3658,1125,9788,9164,10198,8654
1398,973,6353,6428,573,8829
3898,10131,7821,958,5651,10234
3658,8556,3759,9280,370,9811
9785,327,4406,3305,7192,9868
9553,2403,2905,7661,1734,8660
4791,2787,4406,1801,10164,9873
8832,9888,1151,2963,3634,10406
3774,1352,9715,2527,2930,8499
2160,8224,8950,6260,5905,9073
6322,9007,867,3077,9890,8910
5473,3644,4511,8025,3635,9148
3085,3644,4511,7295,2334,9754
4780,4749,6322,9429,3635,10239
4526,4394,5687,4267,10271,9815
8681,9888,1151,9164,6661,9202
2268,1734,3569,9858,3774,8417
5447,10009,9725,4526,9904,10026
2085,7341,4148,8020,2925,8809
975,9576,956,9249,8022,9977
3452,3297,2905,3368,7276,9299
3422,7263,1817,35,7516,8673
8696,3508,3297,25,4679,9324
1933,528,7821,9890,10048,9714
5338,2403,3182,7661,5152,8643
2687,8487,5152,8571,3489,8541
5612,10131,589,1627,1084,9822
9558,1125,867,8174,5511,9342
286,327,9788,3587,1656,10037
3853,3148,9851,4701,2395,8992
5649,10351,9638,4239,5124,8437
561,3340,18,4526,973,9266
10164,4090,867,6267,200,8790
1262,5335,3759,7634,3502,9450
18,3644,4511,4593,8762,10095
6384,10131,7291,4239,6882,8691
7784,8957,4699,1817,3280,8560
4523,6428,9955,1764,5431,8848
5612,7486,9307,5569,4148,9729
7291,7446,3301,4701,4067,8639
5639,9576,5193,6689,9418,10388
6066,3532,6353,9955,4961,8795
7337,7773,1151,3215,4897,10422
9752,2901,9547,9553,3868,9050
3868,4940,8957,5637,10207,9282
2388,9888,4511,5387,8849,9500
10201,6892,8670,1892,5431,9866
7656,4394,1613,8733,1855,9521
9904,3297,7821,5169,537,8399
9782,4749,3489,9280,7337,9830
4914,3182,589,682,5743,8551
7342,1875,4586,4991,1933,8880
3587,3644,1151,3863,2837,9812
7993,4394,956,10413,8963,10242
8441,4956,2205,9164,4749,9710
4050,3644,2093,53,8830,9253
4152,10131,9851,8877,3868,8977
9139,2901,7821,4580,7092,9297
6559,8520,8950,4024,9890,10219
4523,1125,3131,8696,3085,8976
8603,4534,9788,4216,6301,10214
7902,6621,8613,370,1885,10426
4442,7773,6322,5310,2548,8932
8104,4206,6616,4370,8613,9089
10322,9768,5996,8275,6507,10303
5023,2962,8670,10213,10307,10080
737,5335,6322,5325,6324,9570
2499,3532,6089,926,331,9433
1108,5715,3569,4404,10257,9946
3563,1875,2633,2965,4067,9918
950,2403,1144,2372,10164,9816
950,2403,3182,2575,4019,8905
4580,537,9508,5798,7337,9162
141,10351,9955,8406,618,10204
5182,3644,1151,4235,4940,9515
4435,7554,3182,9280,7276,9180
5301,6094,5152,8600,6934,9770
5182,6371,3340,7187,2857,8416
2901,9888,4511,545,5597,8601
7507,4956,2132,8096,8487,9257
5387,1216,2905,8696,3774,10186
2548,6892,4586,4216,4511,8851
834,9888,4511,5762,8553,8869
7849,8025,6322,9164,6066,8592
2845,1538,9851,3182,2395,10434
7259,6892,18,4483,3895,9237
9994,2361,2491,4701,7187,9942
3085,8487,8950,5444,8782,8755
6689,3644,1151,1505,7712,9067
8832,4223,1144,9904,4745,9912
4675,4686,9851,10213,4435,10122
5687,6388,2712,2575,2872,9609
3085,5994,8950,7295,2334,9027
1817,9307,5696,8682,6332,9527
5368,741,1365,8973,3489,10029
8950,9576,6322,6260,4767,8539
1241,4001,9553,9472,10265,8528
3563,3644,1151,5651,3951,10330
7156,3644,9955,4898,4335,9343
8681,9888,1151,9580,5023,9687
681,8224,8950,659,6139,8422
6934,6934,9715,6678,1196,9667
9051,8104,7276,4896,5847,9902
2650,6094,9788,3077,4586,8787
5182,7486,1144,5762,5597,9795
25,9888,8950,7830,3068,9751
7993,9888,589,8522,9698,10398
3085,8487,4511,6260,3508,9700
3988,3644,1151,8748,7641,10368
10201,10131,1549,3569,5575,8442
8570,3489,6353,2901,3373,9052
1933,2361,8894,1888,5226,10397
4791,4090,6790,9731,9585,8460
4675,1177,8957,6875,1346,10141
18,3644,1151,3215,8505,8521
1084,3644,1151,711,879,8588
3988,3644,1151,9898,4309,8888
8681,3644,1151,7295,7119,8796
1151,6428,6353,6087,3420,10031
6066,5815,867,2334,1888,8633
5387,4090,7993,10351,533,8425
561,9040,2857,7849,331,10020
3222,537,3182,8957,3004,8470
10271,741,5483,7834,9586,8488
5637,6934,8441,3311,5867,10115
2388,9395,1151,5687,6399,9036
5936,3031,6322,9823,4058,9539
3222,1125,3182,3724,6507,8925
456,3301,2205,4239,2885,10349
3131,5310,7357,7775,5651,9171
737,5162,2905,3077,5651,9531
10396,9638,6322,9543,4335,8557
5649,1734,6322,8284,3764,9403
2144,7486,200,2901,4239,10333
3658,9040,1151,334,9656,9308
3509,10271,3499,2377,5310,9762
5447,4735,4123,8593,1196,9773
10396,7486,5037,8973,1084,8625
8532,9146,1151,5965,435,9063
3501,4455,9788,4526,9890,8583
1346,3031,9395,2754,9280,8644
4152,7966,956,10257,537,10295
9782,10351,1151,6267,3868,8511
5760,10131,1151,8020,8220,8783
10307,3644,1151,788,6284,10261
5938,3676,3569,1247,8670,8702
5760,3634,1144,2965,1084,8604
1933,1247,6322,9307,4148,10224
7223,2901,1151,4650,6882,9837
2548,9888,6467,305,789,10357
10316,7446,4406,8582,9039,10367
9904,1216,7821,9280,9606,9528
528,8801,2972,8505,4148,9749
7849,1144,5193,2968,5226,8544
8681,7341,2132,1125,8450,9317
3658,7893,6322,1365,5377,10056
2901,1274,1151,879,4141,9900
3000,537,6353,5296,4767,9300
2268,4024,3569,8973,4988,8527
737,7263,4914,8849,8487,9583
7263,7119,3420,8022,3695,8400
9994,6934,6322,6094,5696,10326
7259,4090,4586,682,5938,9600
3569,196,4406,370,3766,8744
1850,528,1549,4216,3291,10038
4947,4749,6353,6875,5651,9094
3853,9888,4511,2963,1888,10081
5146,10351,4586,8096,334,8586
1643,370,8522,834,7830,9720
5473,8487,4511,1365,148,9835
7223,6892,5037,3299,4650,8737
7902,6443,1460,6751,6936,10294
1336,6388,4406,8600,9463,10232
3222,3644,1151,5798,6892,8463
53,7486,5037,4267,6513,9105
6941,8801,5996,3988,1177,9838
10009,8950,1151,5387,3895,8846
1398,5335,6353,9904,6513,8946
5051,4206,6353,4330,7957,9277
7773,2901,18,8917,6513,8781
4494,3644,8950,6751,6087,8642
8156,973,4406,9904,5444,9476
5649,9307,5996,2962,7192,8859
7993,7623,3569,7937,5200,9495
915,1216,1151,5387,334,9302
737,3182,6094,8830,3403,9536
3403,3644,4511,5388,8963,9321
4457,6696,867,4267,2609,9000
809,5335,7316,3672,4961,8958
8733,437,1460,5497,3951,8433
7446,3644,1151,1365,6882,10165
6399,327,5696,5572,8108,9340
3337,7263,7853,6629,4940,10252
3133,9858,3301,9753,7830,10084
4534,3148,4406,8593,1296,10317
1836,7554,5483,6094,5296,9226
789,9888,1151,6945,7011,8456
6066,9904,8076,9580,53,8616
3853,9888,1151,35,3895,8540
9547,3644,4511,6661,8211,8713
7295,3569,8670,7297,1992,9378
3301,8801,8950,3403,3423,9453
6284,3182,6094,7545,9505,9368
8832,2403,2419,9791,5572,9366
5023,196,1505,8833,4235,9923
10009,4729,4526,305,5867,10414
5473,9888,1151,5388,5938,10395
2046,3644,8950,926,286,9153
3085,3644,1151,53,8830,8822
6844,22,1769,4235,4123,9305
4956,528,1643,8556,6714,8943
8230,1125,200,8600,2085,10136
4442,9888,1151,2963,5572,8884
7849,1216,8670,8415,9656,9761
8520,4749,3489,5489,4747,9364
789,3644,1151,5444,1769,9142
50,1489,9788,1923,4749,9787
1018,286,2205,8748,6324,9836
6544,3644,1151,9788,8505,9077
6260,10351,5175,737,5497,8619
8950,196,9731,6267,1737,9921
6322,1216,867,7661,5125,9800
8211,1216,8886,10271,5377,9677
1538,10351,3148,7957,305,9071
5489,7773,5483,1505,2372,9055
7950,9888,867,7301,9782,9461
7220,6428,9638,8096,879,8502
3658,1734,4090,7309,8156,9483
8076,3644,1151,1888,3068,9440
3280,8022,3301,4898,8022,9821
3658,3644,1151,6260,9702,10092
7577,2687,6353,8957,3895,9351
3261,4394,1679,6267,4058,9044
975,1125,3301,7661,3895,9122
3451,8634,3301,2754,5364,10111
5687,4679,867,4580,5110,9223
8683,7822,8957,2144,4954,8649
141,3340,9472,4024,8570,9141
6322,10070,9553,5265,200,8938
10396,3644,1151,8957,151,8923
8950,10351,1460,1247,6324,10306
5447,1216,8441,3688,7276,9038
5612,3340,6094,926,6139,8626
2963,4534,4033,4650,3248,8624
7507,3297,3489,5798,5572,9899
9060,3644,1151,1618,4141,8448
1737,10131,7909,5526,10177,9925
9051,1618,956,4526,2132,9555
3403,9888,4511,2963,1084,10156
7652,3033,867,1764,6324,9292
7785,8634,3301,1247,1296,9290
6260,5335,6353,2144,9782,8513
1196,528,1151,6689,1795,9182
7156,196,9731,8593,4050,10248
7849,8025,3291,2144,9791,10372
5447,9040,956,4701,2837,9883
5193,6892,8957,1151,5890,9284
7624,9007,8441,5965,10131,9227
1177,2901,6094,5762,8450,9407
2491,9784,9785,6066,8817,9810
7231,7264,6353,10070,5867,10042
3695,4749,5037,3773,4148,9114
5402,6443,1460,1928,6749,10014
5936,1216,4406,4223,3774,9911
5527,9888,1151,7276,1352,8865
7291,8556,956,2971,5226,9974
9768,2403,4406,5649,9606,8753
7272,6892,9146,9164,3215,8985
7849,3340,6094,5649,3508,9681
18,196,1151,711,3988,9525
2268,5388,2712,4580,9164,8396
2377,370,2712,62,8782,10338
4494,10131,9851,4335,1296,8769
6322,1216,867,3774,6115,9541
6066,6066,4899,8683,9496,9244
5527,3644,1151,682,4686,8916
1764,1956,9307,6678,6864,10375
3403,9888,4511,2963,1084,10089
4024,5335,4148,7545,8025,9272
2388,7554,6322,1365,4988,8407
6384,2361,4586,8096,2536,8883
4534,4090,1151,8520,4370,9707
1352,2403,3182,926,545,8515
2878,4394,1151,6384,2754,9644
6630,1125,3489,8275,1651,9057
7641,6066,3846,5023,1869,9493
4961,370,9731,10257,8980,9603
9552,5651,8441,1837,1084,10185
9558,8782,2205,711,7821,8447
7902,9040,6576,5965,7603,10331
1223,4090,8957,5798,5312,9100
4019,6443,1460,5798,9606,8758
5338,286,7821,8954,8505,9513
3853,9888,4511,498,5597,10086
2388,9888,8950,1934,4312,8565
5443,3634,1679,9904,9288,8590
3337,5443,9715,8156,9898,10160
3868,6094,4523,5637,6827,9400
8553,3644,1151,9898,6621,9396
1928,7446,5193,8069,9604,8824
561,2403,9508,4701,8684,9534
834,8022,8950,2575,6703,9374
3085,9888,8950,2748,1265,10053
3403,3644,4511,4593,8762,9842
6689,9888,1151,2963,2885,9311
5637,1144,6252,1278,6833,9895
1933,1216,1144,4701,4155,9455
3274,2403,3292,3077,3068,8793
3569,10351,1549,9791,6324,10358
3634,3676,5221,9472,4670,9971
4991,4223,5193,2962,5936,10040
7291,3297,1549,82,6827,9048
38,3423,5639,6087,7309,9314
10307,3644,8950,4580,659,9211
7259,7264,9307,5364,5867,8944
8833,9888,2178,3773,5597,10215
2419,8782,7821,2901,3046,9137
8076,9689,9768,3672,7276,9163
5798,4715,3301,1196,1656,10238
5193,528,2132,533,1538,9703
7220,9150,2905,7634,4155,10346
53,7486,5037,2962,1196,9155
22,1216,4511,1717,5296,10269
9983,1216,5639,8096,2687,9807
5387,6388,867,2144,10164,10328
4480,5612,1346,8696,5557,9095
8957,53,1365,9146,7966,9295
9933,3532,867,5965,3868,8843
741,4749,9851,4900,7178,9241
605,286,3131,5444,3672,8731
4511,1875,4511,9164,9357,9845
8556,6428,6353,82,7359,8579
9150,3644,2205,9164,2905,8465
3509,327,8894,3773,8441,9279
9553,2403,2905,3077,7301,9692
10048,6094,1804,3569,4637,9372
5023,3644,1151,2754,2186,10249
2268,3895,3569,305,221,9987
8917,9888,1151,7297,4617,9658
7259,3644,1151,9280,8217,10418
4650,3148,867,2089,5867,10001
3496,7263,5017,3773,6882,10405
5612,7446,5996,879,9586,9233
5335,9888,4511,2965,2885,8628
5146,7446,9955,5182,10190,8661
10271,8022,9851,8571,8782,8930
741,370,2712,4900,9146,8524
22,3297,6353,5649,8418,8757
10164,6892,6322,10164,9904,9443
9994,9784,6322,7262,1613,10163
8832,1125,1533,6066,5125,9167
9983,1216,8445,9702,3215,10427
18,3644,1151,2575,5537,8876
8733,1216,9768,4593,1956,10087
7220,1489,3131,7682,8240,9022
2388,4090,1151,3688,1679,10071
1656,4457,7316,9177,7782,10222
5687,6507,2972,9007,9139,10255
1564,3644,1151,2089,5798,10361
199,1641,6751,1308,5597,9193
6751,5537,8957,9280,1352,10184
6714,327,5696,5572,8108,9420
2741,4090,1151,5182,8450,9998
5338,1125,4523,4898,5296,9341
4394,6892,3658,10199,3046,8776
3853,3644,1151,5796,9753,9588
1748,5537,4406,4701,8823,8746
3509,7263,3774,2787,3868,9160
1885,3644,1151,5310,1286,8999
6941,7446,5996,7297,2361,8863
6599,4679,3046,2388,5696,10423
9552,3297,2419,4593,7821,10308
8849,6640,8957,5444,5696,9512
2392,3644,1151,6094,2687,9661
9731,5612,8445,5182,62,8650
8801,6696,8445,10257,2741,9872
4701,8224,8950,2748,8817,9621
5447,7554,7821,4223,5537,8435
4442,6640,6087,5687,3676,8597
7163,4749,9307,552,5157,9985
4167,10131,9851,926,4435,10233
5387,10131,1151,9890,6507,9981
10264,2901,6094,1888,8450,9008
5387,1216,7821,57,1084,8489
3675,4534,1643,9007,9288,9908
7309,528,7853,926,1791,9926
1869,5335,6353,4404,4148,10428
3301,3644,1151,9791,1791,10310
3582,3724,8894,4239,7771,8695
1597,9768,6353,546,10198,10195
6284,1125,9472,4216,4898,9491
1597,196,9725,6384,2347,9672
9768,5335,6094,8284,8450,9473
9463,10131,9851,4370,4435,9828
4650,6139,3759,8156,5575,9222
7784,7357,5536,2575,9051,9641
5497,3644,1151,6790,6399,8394
3569,1023,4406,7656,3068,8953
4852,8801,8950,6661,2633,9124
9904,973,5760,9955,5013,9511
4898,9638,9851,10070,386,8818
9429,9547,1144,5325,1791,10385
7577,9395,8522,6385,3895,10162
8458,4267,4406,9472,1296,9350
8681,9888,8950,9823,2334,8774
2178,3644,4511,3291,3764,10256
1933,528,5364,2388,4534,9047
2837,2901,9851,4216,2885,9434
1875,10351,18,7262,4675,10194
8917,5651,6353,4701,8670,8955
4494,3644,1151,5388,4148,10073
5017,9689,8445,5182,6500,8933
5037,9904,8076,3672,7301,9181
3563,7902,6751,5597,1077,9571
4058,3426,7507,7950,6640,8889
2698,8556,4335,8415,4309,8638
7652,7773,3420,3302,1641,9221
7192,3301,8441,1177,4586,10323
2419,4749,9851,7623,2447,8909
3368,10131,7291,3774,8973,10378
1928,5364,6353,9580,3373,8777
1278,8674,8957,3722,6513,10059
18,4090,1151,5444,4155,9945
9678,9888,4483,9007,4239,8656
8076,4749,2132,3031,2347,8543
3563,62,6751,4404,3085,10379
38,6892,9715,9146,8980,9599
8963,1247,5193,1837,5557,8912
10164,528,2972,4701,6803,8735
8284,9888,8950,7295,2334,8837
5146,2901,7821,3031,1196,9245
3301,8487,8950,5388,8240,9941
5310,4749,3489,4267,2132,10348
9725,9146,1144,8096,1837,9205
8684,8025,10070,1888,6678,10334
738,9040,6576,8096,7656,10129
2388,9888,1151,2403,3068,8715
4109,3644,1151,6260,25,10154
5387,1125,956,3133,3675,9198
6875,3644,1151,6863,2677,9399
4852,9888,4511,7276,2885,10135
10322,10131,4406,9890,9890,9152
8593,9040,7821,3031,9731,10116
4523,6696,5569,2748,8220,10230
7259,9888,4511,5310,4734,9730
8733,3297,1460,1764,1679,10112
3403,3644,4511,5388,8963,9478
7785,5639,3301,5798,5597,9673
3868,6892,9785,9429,9656,8892
38,6892,3420,35,7516,10091
5447,10131,5938,5965,7259,9568
8240,10131,2205,1247,3898,10301
5402,6443,1460,3133,1353,9206
8959,528,4511,2963,5572,9704
7682,3644,2093,2089,5798,9806
9963,2403,9768,4267,9656,9358
5687,7446,867,4216,5312,9457
7262,9552,1151,6260,2403,8401
5936,1216,8886,305,1353,9649
1933,3508,3340,4223,6703,9622
7682,4457,1151,305,5796,8477
4435,9638,6252,3299,903,8935
2388,1023,4511,6790,6399,8936
5387,8022,5483,3248,3675,9017
975,196,1151,7656,7276,10002
1142,7486,6322,3496,5798,10208
4526,3845,1151,5637,6096,9629
6934,1216,956,2968,2885,9294
8748,4394,1549,3046,7545,9465
7849,6428,9955,6934,1177,10123
3085,3644,8950,5387,1296,8971
7259,3644,1151,5296,5572,9108
9357,1125,9288,2334,8284,8726
8020,9638,1151,6428,9585,9999
7849,2403,2132,4216,1274,9560
9075,10131,3182,7196,9731,9582
3677,9552,3291,1308,221,9348
5473,8487,4511,5444,9288,10140
5387,2361,589,8522,3675,10008
9307,9768,956,7891,1791,8446
3301,3644,4511,7656,1352,8537
3387,10009,3658,2527,9409,9337
3509,7178,6616,1764,1144,8480
5687,4090,2712,6428,7603,8819
3085,3644,2178,5296,6882,9149
9561,10351,1643,2925,4534,8693
9768,6443,1460,9791,2551,8742
9576,3634,9851,8174,1613,10150
5169,528,9715,9177,7782,9322
2046,1125,7291,2334,7382,10284
10271,1538,8957,2536,4235,10383
52,1023,4406,2388,5867,10431
2901,3644,1151,4309,1112,8890
5312,3644,3302,3688,8686,8949
5473,3644,4511,3798,6324,9595
7156,1125,9307,6267,9543,10220
9580,3644,4511,8025,9904,8466
5511,8284,674,9164,6324,8820
9553,6385,4586,9463,7006,9962
3387,327,8957,25,4679,9006
3569,7446,5996,7297,4947,10057
5965,2687,5996,3085,4663,9183
3301,8224,8950,682,334,9709
4024,10351,1549,7623,5483,9913
1885,9888,1151,1365,4712,8975
8600,5310,7821,9463,7301,9494
9731,9851,2491,6790,7641,8405
2178,3644,1151,6934,2046,9312
8950,10131,1144,2575,3302,9867
4442,3672,3532,7950,3305,8844
2662,10131,7909,7634,7712,9501
4152,3182,6094,711,5483,9540
3068,6892,8522,2178,9146,10069
6322,4090,9788,1888,6500,10178
1262,370,3301,956,1679,8611
951,5338,3292,9904,4058,10280
5612,3301,9851,5798,7486,9213
10351,6443,1460,7178,681,9365
7516,8556,9851,8429,3302,9841
737,9638,4914,682,3240,9623
7784,7119,6353,7661,7652,8962
9898,6094,4526,5182,4954,9940
7309,7263,7708,305,8441,9970
3403,8487,1151,5444,9288,10288
3131,8556,8733,8600,6616,9613
10322,10131,9307,6267,2445,10386
9060,9888,1151,9150,3764,10055
5527,4679,1151,4435,8450,9852
5936,2403,3759,7183,698,10107
5867,10131,6322,4267,5651,8585
10307,10131,956,5798,6467,10403
3853,3644,4511,8603,2885,9439
533,2621,809,1336,5175,9061
2901,7486,6353,2901,1196,9701
4675,3182,3046,8104,8211,9980
6475,10131,589,9169,5200,9188
5527,9007,1151,10245,8450,8703
2548,8556,3420,10164,1217,9733
9464,6892,5996,3988,1177,10183
4650,10131,6790,9904,10048,10373
8963,7486,4406,9307,8894,9510
9768,9888,1679,2925,755,9127
5182,1734,3340,22,4826,10327
1597,7446,9472,2754,4019,9949
10254,1125,674,7264,8670,8879
8681,9888,8950,8284,7301,9760
1836,7486,5526,3145,4058,10103
10198,2403,9288,62,4435,9012
3569,1875,5996,3582,1177,9393
2388,5651,6616,9904,3240,9952
3403,3644,4511,6689,4734,10360
4580,3532,9508,9249,7178,9607
5387,9150,1151,7486,5364,10337
9357,5651,2205,9904,1769,9628
9558,7486,6751,5597,4646,8727
6751,7119,3148,2878,8686,9889
2268,3625,8950,4523,435,9234
9464,3532,4523,4898,3502,8504
7507,1216,5193,3077,6324,9653
5575,973,8950,7451,7011,9833
327,7486,3853,2968,1956,9189
199,537,8957,4216,9604,9109
737,10131,7821,370,7451,10329
4050,3644,1151,53,8553,9735
8681,4090,1151,8096,7259,9269
2347,35,1151,6260,8963,10102
82,4206,9638,9280,7976,9119
18,8801,1151,1151,5431,9209
5760,3033,956,8674,680,9410
1278,4956,9955,5497,4767,9897
7849,4686,4033,5444,7083,8928
3658,7486,5037,4580,1196,10363
8582,10131,1804,41,9547,9030
7192,10131,1679,9280,5406,9130
7446,9788,9768,4387,7276,9251
1108,2609,8957,9638,9409,10036
2662,10131,6790,5965,4312,9892
9933,5162,4526,8228,25,9853
3068,3774,2205,3269,7337,10283
9580,3644,1151,1627,435,10393
6678,5335,6353,7545,8220,9535
1869,5144,1549,1928,4169,8545
5890,6640,3222,199,3845,9254
6599,6094,6322,7241,3077,9856
4729,3644,1151,53,3337,9417
10164,4749,3301,62,4312,9161
5335,3644,1151,2965,8571,9887
7950,6428,4406,4216,1564,8961
3563,3297,5536,6751,7545,8913
6384,7849,18,7006,5406,9344
7849,5335,6094,8284,8450,9849
8076,2403,3301,7661,1084,10025
6803,8801,867,7891,5651,9984
3658,8957,4699,9472,9782,10282
8681,9888,4511,9898,9955,9938
4715,3644,1151,8022,2885,8615
5338,5335,2205,2575,7495,9610
2334,528,2972,926,2905,8990
8600,6094,9731,956,6864,9769
8917,3644,1151,4370,221,10011
52,8556,1549,9307,7495,8867
4781,6066,3301,1196,2662,9033
7192,674,1151,2787,3280,9345
2046,3297,2205,1369,3291,9283
6708,327,6094,6629,9018,9383
8076,6640,2712,3182,148,8945
9715,973,1460,9955,4235,9081
533,3634,8441,1928,4670,9693
7891,6892,9788,8441,10322,10035
9580,9888,4511,5388,1084,9175
5597,5364,956,711,8570,9738
10316,2403,9788,682,3031,9916
2388,9888,4511,3798,4734,8494
6892,973,9851,10257,4611,8857
9382,3644,1151,9788,8505,9863
3403,3644,1151,4686,5169,10319
8849,3658,3774,779,7018,9140
6322,1216,867,7957,5301,10210
2963,6892,5152,10164,5169,10128
5310,9788,1549,9280,5364,10335
7192,2403,1460,1888,8450,8648
3658,3644,8950,6629,7603,8479
6252,7341,5715,7661,8571,8578
9983,1216,8445,6751,6431,9559
2872,3033,9851,3688,8458,10353
7849,5335,6094,1923,8450,9212
9886,7382,3646,682,4442,9236
741,7773,6322,4900,6475,10370
7603,5929,18,9164,6659,9349
2094,1216,5193,3988,5226,8966
8553,4457,1151,9280,915,9779
9576,4223,8613,2094,903,10109
7902,1155,3046,3269,9288,9809
5387,7495,867,9249,6892,8948
93,8556,7656,10245,62,10075
9464,9307,8670,5497,2548,9530
38,3845,8957,9472,4443,9352
10191,3489,9851,6751,6864,9637
6322,7446,867,545,4988,8428
18,3644,1151,1365,6882,8816
7192,2403,9768,4330,5649,8743
9638,2994,1679,1619,7264,9509
1869,4956,3489,8582,4611,10151
5447,6094,9307,10413,3004,9484
2347,7357,4511,5890,38,9306
10048,10131,1549,8674,5824,9390
4435,4394,6322,3077,8211,10188
8603,10131,9851,7262,6324,8467
10207,10131,8886,9898,1869,10068
5338,4988,18,2575,4586,8496
2687,7773,9851,8682,9395,10432
8556,4455,3301,7957,3240,8519
3284,8022,8823,3764,8963,8454
6696,5017,1549,7891,1804,8994
9876,6323,6467,5051,1094,10171
6785,7382,7821,5847,3502,9058
9768,3634,4586,2575,3299,9996
6559,9888,1151,3798,5536,9446
3240,10131,9307,4223,1460,9973
4954,1489,2205,7634,4586,9675
3509,4534,9851,4900,7018,8481
3387,7486,6353,1505,4148,9376
8593,2901,418,10265,3499,9397
