title,authors,venue,year
5.046847343444824,6.079789161682129,6.232656955718994,6.973074436187744
14.181741714477539,12.56357479095459,16.316072463989258,15.878771781921387
13.893835067749023,12.737805366516113,15.437003135681152,15.651957511901855
13.666031837463379,12.25115966796875,15.172170639038086,15.101300239562988
14.11319351196289,12.933269500732422,16.443742752075195,15.824505805969238
6.003562927246094,12.494827270507812,15.585416793823242,16.10175132751465
3.809584379196167,7.974059104919434,8.580004692077637,14.486087799072266
14.390076637268066,12.924931526184082,16.357284545898438,15.896833419799805
13.637741088867188,12.693315505981445,15.645986557006836,15.503884315490723
4.782440662384033,7.397096633911133,7.610210418701172,2.904954433441162
2.1103923320770264,4.33388614654541,5.074328899383545,5.036203384399414
5.914341926574707,6.100312232971191,4.294521331787109,4.072059631347656
13.043478965759277,12.213529586791992,15.254912376403809,14.696135520935059
13.30663776397705,12.253194808959961,15.2420654296875,14.96750545501709
5.0368332862854,4.301185131072998,6.50241756439209,7.019224166870117
13.893470764160156,13.144746780395508,16.012601852416992,15.59450912475586
2.0214953422546387,6.793546199798584,6.030986785888672,3.6444103717803955
14.162921905517578,12.923770904541016,16.114622116088867,16.01193618774414
5.115969657897949,12.920164108276367,16.075777053833008,15.762704849243164
3.9075121879577637,4.077866554260254,4.762177467346191,1.9784986972808838
7.848656177520752,4.472016334533691,4.876033306121826,4.088520050048828
1.336707592010498,2.462660789489746,3.410853862762451,1.2729010581970215
4.07573127746582,4.767404079437256,4.177685260772705,5.409703731536865
5.671800136566162,11.763751983642578,14.023506164550781,14.489468574523926
2.6537718772888184,5.418901443481445,4.565647602081299,6.917004108428955
14.298105239868164,13.027456283569336,15.920096397399902,15.930593490600586
3.8177998065948486,5.285184383392334,5.577816009521484,3.511608600616455
4.547068119049072,12.028345108032227,15.308846473693848,7.231400966644287
1.0738252401351929,5.360613822937012,4.820436477661133,7.247653961181641
7.956968307495117,2.9689769744873047,4.040459632873535,3.2180724143981934
5.856815338134766,4.062650203704834,6.440924167633057,3.7658257484436035
4.723121166229248,6.0660719871521,6.14472770690918,5.056817054748535
6.910519599914551,4.617021083831787,6.0962443351745605,3.414597988128662
14.381264686584473,13.529601097106934,16.940820693969727,15.844317436218262
7.247772216796875,5.356943607330322,6.530551433563232,2.2699387073516846
1.9646295309066772,6.333669185638428,6.193048477172852,3.7875187397003174
3.2077691555023193,6.594930648803711,7.807539463043213,3.5136263370513916
4.416595935821533,12.607707023620605,15.653568267822266,16.057659149169922
5.732659339904785,3.6345326900482178,6.373936176300049,5.385251045227051
6.529807090759277,3.891143560409546,4.76986837387085,5.574406623840332
4.5987396240234375,6.33197546005249,7.464358806610107,2.6692025661468506
14.666950225830078,13.214188575744629,16.94829559326172,16.561912536621094
2.3340845108032227,6.521548271179199,6.34163236618042,2.7187507152557373
7.4799017906188965,6.737082004547119,6.753150939941406,6.89049768447876
13.814818382263184,12.940028190612793,15.747368812561035,15.725569725036621
0.0,0.0,0.0,0.0
1.9521023035049438,3.7481820583343506,5.578011989593506,1.6183966398239136
13.194992065429688,11.880669593811035,14.576705932617188,14.781153678894043
13.612350463867188,12.035226821899414,15.222552299499512,14.997724533081055
14.608482360839844,13.185405731201172,16.58294677734375,16.3660831451416
4.302642822265625,3.5136075019836426,5.643879413604736,1.883029580116272
4.646291255950928,13.4180269241333,16.549392700195312,16.425382614135742
14.27961540222168,12.727144241333008,15.986844062805176,16.085664749145508
3.284259796142578,5.867122650146484,4.916007995605469,1.7987229824066162
3.5306124687194824,3.858731508255005,5.281050682067871,2.398064136505127
7.042356491088867,5.729083061218262,6.254119396209717,2.9968438148498535
5.0724568367004395,7.823161602020264,8.428057670593262,5.232414722442627
14.810774803161621,13.459867477416992,16.469148635864258,16.429630279541016
5.053355693817139,12.397374153137207,15.447357177734375,15.711451530456543
6.031717300415039,11.987008094787598,13.119444847106934,14.343018531799316
1.70159113407135,3.626326084136963,5.748526096343994,6.932173728942871
14.069698333740234,13.29825210571289,16.45933723449707,15.982892990112305
2.7142319679260254,3.8473808765411377,5.927996635437012,8.042062759399414
4.4471821784973145,6.304327964782715,9.551846504211426,6.20258903503418
2.2169291973114014,4.623183250427246,2.458930253982544,1.9694002866744995
2.5299391746520996,5.91294527053833,6.560976982116699,2.6594717502593994
14.610722541809082,12.990625381469727,16.199581146240234,16.00358009338379
5.549174785614014,6.975531578063965,6.969920635223389,5.241756916046143
5.9486517906188965,7.2484049797058105,8.49860668182373,5.111411094665527
5.997951030731201,6.653557300567627,8.020323753356934,3.9152376651763916
4.889202117919922,13.132733345031738,15.63821029663086,15.441740036010742
3.2259621620178223,13.59125804901123,16.823814392089844,16.32672119140625
6.365850925445557,6.080161094665527,4.132205009460449,4.657176494598389
2.041135549545288,3.7629013061523438,5.827513217926025,3.7847392559051514
13.566376686096191,12.649798393249512,15.450746536254883,15.142462730407715
4.025662422180176,5.8167033195495605,6.697955131530762,6.815419673919678
1.3345708847045898,2.5488624572753906,3.8051352500915527,1.29667329788208
14.034791946411133,12.377513885498047,15.305582046508789,15.54865837097168
14.533447265625,13.128662109375,16.170475006103516,15.985000610351562
14.936357498168945,13.451401710510254,16.923492431640625,16.884124755859375
0.0,0.0,0.0,0.0
5.347551345825195,10.549845695495605,16.040531158447266,3.606447219848633
15.07264518737793,13.398246765136719,16.981489181518555,16.460601806640625
13.190353393554688,12.050207138061523,14.629133224487305,14.948633193969727
1.5780493021011353,5.960545063018799,5.15342378616333,6.837404727935791
4.890692234039307,2.632774591445923,1.96425199508667,4.746451377868652
4.1916351318359375,5.708698272705078,6.298979759216309,6.203787326812744
7.122255325317383,4.858803749084473,5.8841872215271,7.661481857299805
13.903148651123047,12.408821105957031,15.204577445983887,15.40698528289795
5.558205604553223,6.623377323150635,6.20667028427124,2.4899795055389404
6.194009304046631,13.005735397338867,13.165318489074707,15.748161315917969
14.490886688232422,12.855466842651367,16.248777389526367,16.15287971496582
2.3078997135162354,6.075127601623535,4.719935894012451,6.688586711883545
6.048871040344238,12.688459396362305,16.375314712524414,5.752635955810547
4.0427680015563965,4.672857761383057,7.102543354034424,6.950958251953125
2.868216037750244,6.235655307769775,7.699096202850342,2.761981725692749
14.189772605895996,12.226844787597656,15.532971382141113,15.457873344421387
4.55866003036499,6.69243860244751,7.8914313316345215,4.419349193572998
5.658536434173584,6.374441146850586,6.396449089050293,2.752699136734009
13.611480712890625,12.580080032348633,15.869043350219727,15.088778495788574
2.53174090385437,3.8580162525177,5.790194511413574,5.025818824768066
1.7381130456924438,3.4867947101593018,4.601524353027344,5.540064334869385
5.535325527191162,5.826903343200684,5.435724258422852,3.7898595333099365
13.74582576751709,11.985508918762207,14.855325698852539,14.938241958618164
4.361166000366211,6.305176734924316,7.396003723144531,3.723127841949463
3.440016984939575,4.913331985473633,5.000917911529541,2.1928791999816895
13.395282745361328,12.165700912475586,14.82966136932373,15.00272274017334
5.084596633911133,6.950265407562256,7.314589977264404,5.602328777313232
2.7113029956817627,3.81874942779541,5.325540542602539,4.09143590927124
3.864173173904419,5.87361478805542,6.189956188201904,6.40169620513916
3.557196855545044,1.7888286113739014,3.736785650253296,3.119609832763672
13.935173034667969,12.938400268554688,15.997758865356445,15.766382217407227
0.0,0.0,0.0,0.0
14.108320236206055,12.913606643676758,16.167613983154297,15.844195365905762
6.785199165344238,5.247151851654053,4.970513820648193,4.34273099899292
5.54638147354126,5.976844787597656,7.351893424987793,3.057293653488159
4.565714359283447,6.2155070304870605,6.332254886627197,5.16264009475708
1.6503020524978638,5.8720011711120605,6.1797637939453125,4.901718616485596
5.844277858734131,4.9858245849609375,6.82007360458374,2.548797607421875
4.519001483917236,4.2183356285095215,6.130557060241699,2.2881598472595215
14.596061706542969,13.41701602935791,16.746715545654297,16.23924446105957
6.070277214050293,11.445087432861328,14.05236530303955,12.91508674621582
13.803519248962402,12.623147010803223,15.80826473236084,15.342641830444336
13.186012268066406,12.498713493347168,15.239706993103027,15.005382537841797
2.206360101699829,4.4164299964904785,5.756556034088135,7.107443809509277
14.539368629455566,13.287657737731934,16.487529754638672,16.06461524963379
3.234572649002075,1.4854047298431396,3.1945033073425293,2.8006677627563477
6.209560871124268,5.939211845397949,5.800996780395508,2.609497547149658
8.816384315490723,6.451274871826172,8.389556884765625,9.966573715209961
8.673274040222168,4.110500812530518,3.8673086166381836,7.16307258605957
5.797847747802734,4.137495994567871,5.249110221862793,7.060720443725586
7.3817572593688965,7.345829963684082,8.826889991760254,4.337832450866699
5.435297012329102,4.4387407302856445,5.608144760131836,1.966295599937439
2.7084801197052,4.130404949188232,6.5645294189453125,1.8346205949783325
14.661940574645996,13.070840835571289,16.529722213745117,16.340890884399414
6.576807498931885,12.610602378845215,15.264650344848633,15.33983325958252
13.10201644897461,12.278929710388184,15.52043628692627,14.653910636901855
5.302096366882324,5.8682708740234375,6.888566017150879,10.41817569732666
4.99470329284668,7.608202934265137,5.3775224685668945,3.001183032989502
5.386724472045898,6.001798152923584,6.2212066650390625,3.494502305984497
6.580635070800781,12.757503509521484,15.932891845703125,2.919725179672241
13.991239547729492,13.055670738220215,16.08217430114746,15.280149459838867
2.4809961318969727,3.3499536514282227,4.147702693939209,2.4418585300445557
4.4597039222717285,8.226922035217285,7.794802665710449,14.432106018066406
12.79809856414795,11.441367149353027,14.139479637145996,14.166709899902344
3.0606582164764404,7.958254337310791,8.728255271911621,7.575738906860352
14.199942588806152,12.580659866333008,15.891921997070312,15.716625213623047
14.805444717407227,13.68271255493164,17.29636001586914,16.872669219970703
13.981834411621094,13.062103271484375,16.302473068237305,15.806563377380371
2.0458433628082275,4.019041538238525,5.50390625,4.146211624145508
6.436233043670654,4.500082969665527,7.632823944091797,5.861035346984863
3.609067440032959,7.2430009841918945,5.346616268157959,4.572860240936279
14.459429740905762,13.560864448547363,16.85769271850586,16.45952033996582
7.074484348297119,6.953516483306885,7.509329795837402,3.3827335834503174
2.905141592025757,5.957743167877197,7.200011253356934,2.511326789855957
3.719663381576538,12.438908576965332,14.81114387512207,14.963662147521973
13.98997974395752,12.692036628723145,15.756479263305664,15.577971458435059
5.521712779998779,6.389326095581055,3.796427011489868,3.8974080085754395
3.486565113067627,8.080059051513672,7.341975688934326,10.10334587097168
13.370677947998047,11.745284080505371,14.506181716918945,14.67392349243164
6.4214186668396,2.553617477416992,3.310321092605591,1.2019490003585815
6.597909927368164,5.700435161590576,7.552574157714844,9.382534980773926
2.132270097732544,5.395145893096924,2.371593952178955,1.8750534057617188
3.9189043045043945,13.244402885437012,16.935998916625977,16.77082633972168
3.215250015258789,7.784558296203613,8.964960098266602,15.339516639709473
2.9887430667877197,7.7688984870910645,6.7636027336120605,2.21065354347229
13.628766059875488,12.695829391479492,15.955450057983398,15.77253246307373
6.96215295791626,12.238415718078613,14.508028984069824,15.222250938415527
3.601259469985962,7.670042514801025,7.802698612213135,9.090086936950684
14.502259254455566,12.836869239807129,16.544645309448242,15.924752235412598
5.967926979064941,5.267435550689697,7.024867534637451,2.917097568511963
7.905523777008057,12.39282512664795,11.039847373962402,15.159156799316406
8.606483459472656,6.4649338722229,6.6654372215271,10.523597717285156
14.333700180053711,13.256083488464355,16.80891227722168,16.58124351501465
5.838013648986816,13.615300178527832,16.56729507446289,16.888607025146484
14.113473892211914,12.713136672973633,15.668050765991211,16.014541625976562
5.583383083343506,12.037882804870605,14.662469863891602,7.826127052307129
15.046366691589355,13.665950775146484,17.088211059570312,16.59906768798828
2.6234688758850098,7.240176200866699,5.916591644287109,1.9549199342727661
14.958056449890137,13.260675430297852,16.167654037475586,16.127161026000977
8.283747673034668,7.446547508239746,8.818714141845703,9.100717544555664
5.454041004180908,13.084463119506836,17.61168670654297,3.5687639713287354
14.531381607055664,12.993549346923828,16.448467254638672,16.305809020996094
6.030575275421143,3.783702850341797,7.623443126678467,9.558537483215332
13.495314598083496,12.413238525390625,14.671196937561035,14.935531616210938
5.106879234313965,7.825894832611084,9.576013565063477,6.059211254119873
7.461630821228027,4.4368085861206055,7.824891567230225,3.216705799102783
0.0,0.0,0.0,0.0
14.58751392364502,13.36212158203125,16.22403907775879,15.875535011291504
5.609282493591309,6.354376792907715,5.980510711669922,11.091140747070312
1.9431016445159912,4.085914134979248,5.2088751792907715,1.6329351663589478
13.695317268371582,12.322151184082031,15.466201782226562,15.318719863891602
13.71360969543457,12.328376770019531,15.805150985717773,15.249282836914062
6.518801689147949,7.257020950317383,9.080068588256836,14.485849380493164
6.238826751708984,5.921898365020752,5.34998893737793,7.7523674964904785
13.735396385192871,12.440194129943848,16.336200714111328,15.469158172607422
14.334283828735352,12.964007377624512,16.16411018371582,15.860124588012695
3.86552357673645,6.585163116455078,7.492436408996582,9.474672317504883
1.941872477531433,6.183698654174805,7.0390472412109375,8.01118278503418
4.415633201599121,4.439825057983398,5.499285697937012,3.22383975982666
7.46042537689209,4.494894504547119,5.984814643859863,5.23534631729126
11.994888305664062,5.74340295791626,3.9877798557281494,10.783363342285156
13.279918670654297,12.403292655944824,15.263273239135742,15.057250022888184
3.3287062644958496,3.477281093597412,6.095828533172607,2.9333560466766357
7.701474666595459,3.9388208389282227,5.218487739562988,8.600722312927246
13.166172981262207,12.11194896697998,15.407137870788574,15.252452850341797
6.809657573699951,6.727906227111816,8.256718635559082,4.3367109298706055
6.41551399230957,7.693355560302734,4.552423000335693,3.3959944248199463
4.368258476257324,6.269856929779053,5.4599995613098145,7.1370320320129395
14.100342750549316,12.652936935424805,15.8438138961792,15.217262268066406
6.566705226898193,13.008524894714355,15.779202461242676,15.948866844177246
12.841137886047363,12.263758659362793,15.084945678710938,15.00775146484375
2.9251372814178467,6.032581329345703,7.685091972351074,10.44333267211914
2.6371231079101562,6.853000640869141,6.974228858947754,2.82768177986145
4.714556694030762,6.2749199867248535,7.54863977432251,8.754362106323242
3.729691743850708,7.513742446899414,7.874995231628418,3.6251015663146973
13.569435119628906,13.034224510192871,15.858682632446289,15.619654655456543
2.924922466278076,5.842710971832275,6.279845237731934,2.73283052444458
3.4848601818084717,1.6143437623977661,4.490675449371338,3.0521109104156494
7.834081649780273,12.85781192779541,16.360864639282227,16.29740333557129
4.859854221343994,7.859846115112305,7.281861305236816,8.866707801818848
2.79181170463562,5.874265670776367,4.609569549560547,1.803606629371643
3.2823357582092285,6.573916912078857,6.949522495269775,3.3821940422058105
5.564526081085205,7.020585060119629,7.338598251342773,6.215240478515625
4.4087090492248535,3.654491901397705,3.3119094371795654,5.720149040222168
5.673037528991699,4.721147060394287,6.8776774406433105,2.4405136108398438
14.129417419433594,13.188304901123047,16.359617233276367,15.958210945129395
4.710966110229492,5.867276668548584,7.223047733306885,6.069897174835205
13.902216911315918,12.193506240844727,15.208380699157715,15.021471977233887
13.959379196166992,12.712400436401367,15.749201774597168,15.466511726379395
3.672050714492798,12.318531036376953,12.436040878295898,15.068519592285156
3.4329943656921387,12.63032054901123,9.101556777954102,15.614044189453125
6.2419633865356445,5.978566646575928,4.326638698577881,3.681300640106201
6.207338333129883,6.682633876800537,6.98883056640625,5.634798526763916
14.1388578414917,12.982768058776855,16.051477432250977,15.787002563476562
3.8275346755981445,3.4572296142578125,5.094716548919678,2.4840564727783203
6.962095260620117,3.3758578300476074,2.258638858795166,6.0623250007629395
4.885788440704346,5.804439067840576,7.8536601066589355,6.966359615325928
0.0,0.0,0.0,0.0
3.718221426010132,6.0550618171691895,7.058887004852295,3.980915069580078
13.950536727905273,12.256490707397461,15.2438325881958,15.366250991821289
4.433578014373779,13.053075790405273,16.073392868041992,16.504417419433594
14.693031311035156,13.295587539672852,16.63703727722168,16.07809066772461
14.189772605895996,13.42995834350586,16.27667999267578,15.975653648376465
2.6020150184631348,5.630129814147949,6.188980579376221,4.3850202560424805
6.826859951019287,5.222800254821777,6.944240570068359,2.478275775909424
13.886899948120117,12.540056228637695,15.996600151062012,15.773664474487305
5.875822067260742,4.604394912719727,4.621027946472168,6.457284927368164
6.524850368499756,3.4066455364227295,2.356381893157959,5.828059673309326
14.351263999938965,12.962249755859375,16.060598373413086,16.01104164123535
2.5650289058685303,7.113914489746094,6.563093185424805,6.5130791664123535
3.3292133808135986,5.438469409942627,6.168736457824707,2.365462064743042
5.051985740661621,4.871275901794434,5.842238903045654,1.8737140893936157
4.680112838745117,3.1443514823913574,4.213292598724365,1.4463558197021484
5.094320297241211,12.484890937805176,16.151853561401367,4.174079418182373
7.471360206604004,3.9087438583374023,4.269168853759766,6.171520233154297
15.108078956604004,14.021145820617676,17.119230270385742,16.69315528869629
3.9575693607330322,7.282133102416992,8.21699047088623,15.439194679260254
0.0,0.0,0.0,0.0
2.256500244140625,5.0733232498168945,5.643990516662598,3.3887486457824707
7.386191368103027,4.408036708831787,7.131713390350342,8.374130249023438
4.584554672241211,6.501379489898682,6.3961381912231445,4.357624053955078
2.748396635055542,5.265575885772705,4.754528522491455,8.553303718566895
2.4619736671447754,6.752721309661865,7.003344535827637,3.122389316558838
5.151163101196289,13.34446907043457,16.9018497467041,16.52861213684082
13.72953987121582,12.685317993164062,15.741280555725098,15.085793495178223
5.784644603729248,5.950479984283447,6.40440034866333,7.466158866882324
4.621369361877441,11.911505699157715,14.945745468139648,3.5039145946502686
1.5209499597549438,5.369871139526367,4.7567243576049805,6.5016255378723145
14.453373908996582,12.880897521972656,15.856884002685547,15.835737228393555
3.7279396057128906,4.024855136871338,5.801997661590576,4.6374287605285645
3.075113296508789,5.39243221282959,7.186424732208252,6.219364166259766
12.601168632507324,11.97398567199707,14.340157508850098,14.57146167755127
14.613383293151855,13.555699348449707,16.577329635620117,16.160043716430664
2.8761982917785645,6.447729587554932,5.7456889152526855,4.78253698348999
7.2085161209106445,3.1766724586486816,5.681169033050537,4.461496829986572
2.6363565921783447,5.6837849617004395,5.310051441192627,2.079787492752075
2.900662899017334,3.5009267330169678,5.606187343597412,7.166141033172607
14.061871528625488,12.730948448181152,16.04390525817871,15.626761436462402
3.5246694087982178,2.1634490489959717,1.5561670064926147,3.4479610919952393
3.680875539779663,5.294902324676514,7.335659027099609,6.375375270843506
14.505356788635254,13.303070068359375,16.282480239868164,15.997878074645996
14.248956680297852,12.780031204223633,16.327621459960938,15.968045234680176
4.963624000549316,4.609100341796875,6.845987319946289,5.649454116821289
1.4711787700653076,2.893963098526001,3.3039028644561768,1.2628098726272583
4.885611534118652,12.939497947692871,16.052122116088867,15.523436546325684
7.36001443862915,5.740063190460205,6.01289176940918,3.061319589614868
2.4087018966674805,5.749817371368408,4.750132083892822,1.912879467010498
7.636332988739014,3.586183786392212,2.474959373474121,6.516012668609619
3.6543009281158447,3.1725051403045654,4.364837646484375,2.672283172607422
3.4541540145874023,5.475913047790527,6.051867485046387,2.003450632095337
2.5610532760620117,5.12025260925293,5.108422756195068,6.027846336364746
14.25046443939209,12.755249977111816,15.566422462463379,15.478440284729004
4.168864727020264,3.8313820362091064,6.784339427947998,8.075080871582031
4.731532096862793,5.697207927703857,6.558160305023193,2.0023787021636963
14.639063835144043,12.821938514709473,16.69955062866211,16.410831451416016
6.391942977905273,2.2772650718688965,4.41590690612793,4.632779598236084
2.1494178771972656,6.282255172729492,5.979827404022217,7.411783218383789
2.3053057193756104,4.995345115661621,2.6376545429229736,2.058330774307251
5.241321086883545,12.69162654876709,16.057802200317383,16.20289421081543
1.7344597578048706,4.1996259689331055,4.248627662658691,1.6744694709777832
3.9570436477661133,6.086726665496826,5.643599510192871,3.017803430557251
7.961215019226074,4.393918991088867,5.263205528259277,2.863797426223755
5.163751125335693,12.699187278747559,15.433055877685547,15.889050483703613
2.976346731185913,12.858725547790527,15.968066215515137,16.039146423339844
2.574208974838257,4.516199588775635,7.025288105010986,2.2764878273010254
2.3419506549835205,4.594305515289307,6.370237827301025,7.023170471191406
2.176872968673706,6.575191020965576,6.525053977966309,2.611522674560547
2.7148759365081787,5.706960201263428,5.839229583740234,2.1880223751068115
3.6207728385925293,13.13221549987793,16.13889503479004,6.9695000648498535
14.22968578338623,12.589042663574219,15.69923210144043,15.574345588684082
13.920083045959473,12.714710235595703,15.823953628540039,15.87690258026123
13.462796211242676,12.527957916259766,15.401955604553223,15.266951560974121
4.159456253051758,5.630380630493164,4.749258041381836,2.8356759548187256
5.206393718719482,5.115405559539795,7.772497177124023,6.885355472564697
2.940511465072632,1.4062241315841675,3.545043468475342,2.6270124912261963
6.448740005493164,3.5051050186157227,2.2397546768188477,5.834010124206543
13.432516098022461,12.229498863220215,14.974250793457031,15.1712064743042
2.199113607406616,6.533685684204102,6.981818199157715,8.372015953063965
7.86792516708374,3.6048755645751953,4.884308338165283,6.4278717041015625
6.746833324432373,12.755459785461426,8.235614776611328,4.392776012420654
7.5904717445373535,4.058456897735596,3.0447747707366943,6.108948707580566
4.87375020980835,13.202624320983887,16.195640563964844,15.685589790344238
5.557055950164795,11.51047134399414,14.517417907714844,14.596040725708008
2.1387808322906494,6.431215286254883,4.286251544952393,7.798608303070068
13.757452011108398,12.542362213134766,15.598043441772461,15.423763275146484
14.387109756469727,12.807857513427734,16.36029052734375,16.245237350463867
5.84151029586792,13.047654151916504,16.302001953125,15.88132381439209
13.993036270141602,12.537237167358398,15.745255470275879,15.3622465133667
3.323499917984009,6.710374355316162,6.018229007720947,2.82059907913208
11.515962600708008,13.463281631469727,17.570894241333008,17.189167022705078
14.15319538116455,12.70412826538086,15.650801658630371,15.277934074401855
13.809326171875,12.512043952941895,15.746818542480469,15.535496711730957
13.976964950561523,12.47805404663086,15.43634033203125,15.552277565002441
3.5593771934509277,4.162753582000732,5.302124500274658,8.57029914855957
5.647535800933838,4.47584342956543,6.92632532119751,3.7470383644104004
6.07496452331543,4.819243907928467,6.876288414001465,3.440208673477173
2.8943448066711426,4.05224609375,6.802407741546631,3.5857131481170654
3.1638681888580322,4.843292236328125,7.070241928100586,2.8571066856384277
13.924951553344727,12.844247817993164,16.00130271911621,16.16550064086914
3.3883464336395264,4.07027530670166,6.05149507522583,5.736644744873047
14.078413963317871,13.491093635559082,16.468534469604492,15.992898941040039
4.409374237060547,7.910727500915527,16.14798355102539,6.711851596832275
4.301477909088135,4.609622478485107,4.876338005065918,2.1284375190734863
6.314860820770264,3.2816808223724365,2.3948347568511963,5.843071460723877
14.502367973327637,12.64624309539795,15.994882583618164,16.309003829956055
3.0860671997070312,3.0660035610198975,4.0261430740356445,2.4658071994781494
6.111137866973877,6.059718608856201,8.242599487304688,3.5767083168029785
14.585831642150879,13.487689971923828,16.510305404663086,16.279037475585938
2.660613536834717,5.270857810974121,5.96673583984375,5.148685932159424
13.701903343200684,12.772303581237793,16.011486053466797,15.523588180541992
5.481271266937256,7.0636067390441895,6.903008937835693,6.524200439453125
13.898221015930176,12.615501403808594,15.106260299682617,15.530135154724121
5.187978744506836,4.575891971588135,6.572839736938477,6.104328155517578
5.398231029510498,5.36920166015625,5.245567321777344,3.562986135482788
2.869048833847046,4.745514392852783,5.9925432205200195,3.3101558685302734
6.470630645751953,12.044215202331543,15.026534080505371,14.953198432922363
2.0305557250976562,3.755244731903076,5.834249496459961,7.3491621017456055
14.206976890563965,13.356449127197266,16.375864028930664,15.987749099731445
6.229219913482666,6.5891547203063965,7.683958053588867,4.301650524139404
5.065770626068115,9.616640090942383,8.413801193237305,4.08198356628418
4.00339937210083,6.122483730316162,5.278241157531738,1.8999987840652466
5.864283084869385,4.361448764801025,6.0921173095703125,2.237959384918213
14.545147895812988,13.496275901794434,16.42376708984375,16.151845932006836
2.0796070098876953,5.466710090637207,5.456814765930176,5.351120948791504
6.190340042114258,4.662008285522461,4.292033672332764,7.783872604370117
4.652261734008789,6.659959316253662,5.676865100860596,3.2030601501464844
6.184784412384033,8.039637565612793,12.571391105651855,15.52285099029541
5.523955821990967,4.395552158355713,4.964004993438721,3.0502281188964844
5.21120023727417,12.866016387939453,15.486115455627441,15.232019424438477
7.170910835266113,3.9248201847076416,4.594109058380127,5.700098037719727
6.605796813964844,3.2294297218322754,2.1776607036590576,5.670743465423584
1.9890004396438599,6.530076503753662,5.597983360290527,6.461781978607178
6.205410957336426,3.2933638095855713,2.2030436992645264,5.626550197601318
5.812379360198975,12.20367431640625,14.522200584411621,14.950671195983887
4.266024589538574,5.572183132171631,7.424578666687012,4.296276092529297
4.120162487030029,5.892055988311768,5.641730785369873,6.4177565574646
2.9764978885650635,6.055185794830322,7.381433486938477,7.0289306640625
13.543488502502441,12.580231666564941,15.513309478759766,15.231127738952637
14.017334938049316,6.669120788574219,17.094751358032227,15.585625648498535
13.968379974365234,12.519852638244629,15.694414138793945,15.314014434814453
1.673465371131897,5.609106540679932,5.687718868255615,7.450340270996094
2.5824997425079346,5.454663276672363,5.13666296005249,1.9824984073638916
3.7477564811706543,6.319754600524902,5.407124996185303,6.484560489654541
3.0460121631622314,6.989768028259277,6.81109094619751,2.7581019401550293
6.271971702575684,10.939142227172852,9.151691436767578,15.242385864257812
0.0,0.0,0.0,0.0
6.007937908172607,5.394136428833008,6.928682804107666,6.811916828155518
13.078577041625977,11.84787654876709,14.3566255569458,14.677350997924805
6.744645118713379,6.653548240661621,7.093467712402344,2.4207324981689453
5.339197635650635,6.939741611480713,7.848000526428223,4.983704566955566
14.184380531311035,12.703242301940918,15.572234153747559,15.797999382019043
4.113668441772461,3.8722777366638184,5.131396770477295,2.7598659992218018
7.190024375915527,3.958968162536621,2.609422206878662,6.522535800933838
13.334664344787598,12.392135620117188,15.208768844604492,14.73694133758545
1.5797427892684937,3.0447168350219727,3.7371959686279297,1.3604763746261597
14.091113090515137,12.42661190032959,15.20099925994873,15.511359214782715
4.150750160217285,4.151162147521973,4.318400859832764,4.5161237716674805
2.4669671058654785,5.421510219573975,4.812204360961914,4.613729953765869
2.7166922092437744,12.937707901000977,16.440738677978516,3.07330322265625
13.819382667541504,12.652899742126465,15.79561996459961,15.177830696105957
14.072957038879395,12.781184196472168,15.641563415527344,15.616342544555664
14.017120361328125,12.7869291305542,15.646112442016602,15.609603881835938
6.671107292175293,5.1340460777282715,4.433390140533447,6.9086103439331055
0.0,0.0,0.0,0.0
2.609158515930176,3.4033594131469727,5.055270671844482,1.6376254558563232
14.342729568481445,12.671005249023438,15.616620063781738,15.534799575805664
14.073380470275879,12.82994556427002,16.192001342773438,15.649650573730469
5.231407642364502,5.328464984893799,6.803653240203857,6.947684288024902
3.271531105041504,7.466129302978516,8.486626625061035,15.740882873535156
4.727784156799316,4.768357753753662,4.09465217590332,2.852553367614746
3.3251779079437256,5.764651775360107,7.3793134689331055,2.6863949298858643
13.817336082458496,12.695473670959473,15.5057373046875,15.473621368408203
13.822137832641602,12.962701797485352,15.85136890411377,15.687602043151855
5.901646137237549,4.814093112945557,7.338230133056641,7.5451812744140625
4.903954029083252,6.686531066894531,6.5242486000061035,4.376529693603516
3.144132375717163,6.285489082336426,5.738722801208496,2.0040009021759033
3.11993145942688,6.89802885055542,6.833722114562988,3.110347032546997
2.8279409408569336,5.082399368286133,5.784321308135986,2.3691205978393555
7.423469543457031,11.065275192260742,14.602521896362305,5.304931163787842
5.7544379234313965,7.15291690826416,7.921428680419922,7.315160751342773
14.400758743286133,12.685749053955078,15.828805923461914,15.884988784790039
14.263158798217773,12.892520904541016,16.55148696899414,16.12639808654785
2.6237454414367676,4.448312282562256,6.45749044418335,5.063653469085693
5.205733299255371,7.418845176696777,7.905584335327148,3.860203266143799
2.4540138244628906,3.370378017425537,4.6722412109375,6.974608421325684
13.909626960754395,12.15938949584961,15.251236915588379,15.198230743408203
2.940370559692383,6.902252197265625,7.1047210693359375,2.510580062866211
5.158685684204102,13.385977745056152,16.64295196533203,16.105825424194336
2.496134042739868,5.9924187660217285,8.461098670959473,4.191274642944336
2.8634111881256104,7.548030376434326,8.369234085083008,3.544022560119629
13.072702407836914,12.231040000915527,15.146556854248047,14.7626314163208
4.373186111450195,4.300185203552246,3.7028095722198486,2.5324201583862305
5.991028308868408,5.741939544677734,7.54988431930542,6.7015252113342285
5.8366594314575195,5.604275226593018,6.084644317626953,5.14687442779541
6.351851463317871,4.424537181854248,4.815603733062744,6.538593769073486
3.8649120330810547,12.62623405456543,15.395461082458496,15.51647663116455
13.706442832946777,12.253227233886719,14.900922775268555,15.13840389251709
2.7949986457824707,6.44500732421875,6.0373334884643555,3.7142016887664795
4.074892520904541,6.627188682556152,5.007653713226318,8.092769622802734
3.599721670150757,3.098705291748047,5.414391994476318,2.23858642578125
5.647171497344971,5.691555500030518,5.3650641441345215,5.313294410705566
5.884927272796631,5.248963356018066,7.111732006072998,3.2113826274871826
14.31635570526123,12.992874145507812,16.48686981201172,15.943528175354004
14.005200386047363,12.982909202575684,15.943419456481934,15.831454277038574
13.369218826293945,12.248950958251953,14.883513450622559,14.808560371398926
14.645760536193848,13.264719009399414,16.56730842590332,16.318592071533203
14.43447208404541,13.063831329345703,16.482568740844727,16.049524307250977
13.434443473815918,12.545339584350586,15.515034675598145,15.010992050170898
3.0510494709014893,5.024206161499023,4.8972625732421875,7.171326637268066
14.2983980178833,12.835434913635254,15.658889770507812,15.83902645111084
5.123200416564941,5.926279067993164,6.6468400955200195,5.218674659729004
13.490097045898438,12.908467292785645,15.632997512817383,15.553409576416016
2.0499260425567627,3.982434034347534,6.85850715637207,8.101119041442871
6.120560169219971,11.89973258972168,14.674186706542969,15.007354736328125
5.728634357452393,12.254522323608398,15.299875259399414,15.593291282653809
2.360440969467163,5.634635925292969,6.626300811767578,7.351739883422852
2.6105360984802246,6.168623447418213,6.471084117889404,3.727222204208374
3.6041297912597656,3.8763315677642822,4.155595302581787,4.463703632354736
4.149182319641113,12.032815933227539,15.612336158752441,4.036663055419922
7.160798072814941,5.8599958419799805,5.03756856918335,2.5956737995147705
4.878452777862549,12.872452735900879,16.010169982910156,16.069725036621094
6.821508407592773,5.763979434967041,6.236230373382568,3.5982108116149902
4.224069595336914,7.359294891357422,9.056427955627441,14.735302925109863
6.08944845199585,4.30548620223999,3.866429090499878,4.661045551300049
1.908286213874817,4.04645299911499,6.638256549835205,1.9238865375518799
4.062305450439453,4.487757682800293,5.085489273071289,2.135960817337036
5.317098140716553,5.678206443786621,6.899003505706787,5.778508186340332
6.704057216644287,3.2039220333099365,6.274124622344971,3.235302448272705
2.1048600673675537,3.9053876399993896,4.1219353675842285,1.7735488414764404
1.2244174480438232,2.1395809650421143,4.770155429840088,6.196160793304443
5.345503330230713,5.128574848175049,4.940995693206787,2.755049705505371
5.9766998291015625,6.859612464904785,8.104894638061523,3.706672430038452
2.2584166526794434,4.698535442352295,4.469310283660889,1.6614718437194824
6.687309741973877,2.6306378841400146,4.815677165985107,5.211329936981201
12.823065757751465,11.059276580810547,14.220465660095215,14.444217681884766
5.852313995361328,5.891483783721924,5.723181247711182,7.977746486663818
0.0,0.0,0.0,0.0
14.226153373718262,12.539482116699219,15.570425033569336,15.780851364135742
3.042438507080078,8.248311042785645,8.910149574279785,6.177107334136963
4.1841583251953125,11.79558277130127,14.942991256713867,4.779018878936768
7.549941539764404,4.58573579788208,6.848794460296631,3.1852903366088867
3.853644847869873,12.706483840942383,15.779692649841309,6.742881774902344
13.828041076660156,12.185361862182617,15.415666580200195,15.332401275634766
13.891923904418945,12.927736282348633,15.830388069152832,15.590951919555664
13.864046096801758,12.646772384643555,16.14185905456543,15.709427833557129
5.589240550994873,4.360692977905273,5.977209568023682,5.227771759033203
13.494540214538574,12.404438018798828,15.058645248413086,15.023958206176758
14.78714656829834,13.275406837463379,16.778099060058594,15.968058586120605
6.079749584197998,3.8246994018554688,5.284892559051514,3.626702308654785
5.420204162597656,6.1188273429870605,7.465157508850098,2.828152894973755
4.444072246551514,5.681530475616455,5.39903450012207,3.2394254207611084
2.5948262214660645,4.614659309387207,6.696253776550293,2.3608429431915283
13.651884078979492,12.31501579284668,14.915884971618652,15.311859130859375
3.7472267150878906,5.069799900054932,6.273035049438477,4.099747657775879
6.332855224609375,12.663640975952148,15.384876251220703,15.891988754272461
0.0,0.0,0.0,0.0
4.236317157745361,2.786271333694458,2.011413812637329,4.599298477172852
3.812971830368042,5.161340236663818,6.330523490905762,6.088456630706787
4.279163360595703,4.832710266113281,6.974396228790283,6.026034355163574
6.7961578369140625,6.670602798461914,5.689609527587891,3.4326915740966797
13.78968334197998,12.009151458740234,15.042289733886719,15.2587308883667
6.041475296020508,7.084918022155762,16.88643455505371,5.136240005493164
2.8378446102142334,5.136100769042969,6.523148059844971,2.3874411582946777
5.186971187591553,4.369166374206543,6.149345874786377,4.786938667297363
5.432568550109863,13.101808547973633,15.58924674987793,15.895086288452148
13.070673942565918,12.121061325073242,14.887551307678223,14.505924224853516
13.408839225769043,12.08090877532959,15.067272186279297,15.129277229309082
14.883020401000977,13.232903480529785,16.45631980895996,16.44150733947754
5.073940753936768,6.433159351348877,5.14224100112915,2.8863468170166016
3.7650322914123535,6.349678993225098,4.276403427124023,2.2202556133270264
13.575523376464844,12.818867683410645,15.709714889526367,15.515822410583496
3.573892593383789,5.00374698638916,7.20668888092041,2.3916943073272705
4.674760341644287,4.558663845062256,6.162374496459961,2.981508255004883
14.171817779541016,11.88664436340332,15.959525108337402,15.904020309448242
2.589510679244995,6.627793788909912,6.607748031616211,4.623037815093994
13.418066024780273,11.943913459777832,14.79338264465332,15.023921966552734
13.87741470336914,12.536601066589355,16.02834129333496,15.492732048034668
4.080296993255615,4.219554901123047,4.047591209411621,2.4780778884887695
3.8392605781555176,5.7974162101745605,6.303708553314209,6.224404811859131
14.212737083435059,12.41452693939209,15.736126899719238,15.676151275634766
3.4312779903411865,4.889466762542725,6.758490562438965,6.090610027313232
6.351987838745117,12.121994018554688,14.622773170471191,14.794087409973145
2.917243480682373,5.152222633361816,6.189574718475342,7.434612274169922
5.422296047210693,5.174821376800537,6.374878883361816,2.091196060180664
6.89048433303833,12.873493194580078,15.511966705322266,15.229496002197266
15.5364351272583,13.909255027770996,17.32365608215332,17.15904426574707
3.273960590362549,4.246023178100586,7.074969291687012,7.41908073425293
5.467739105224609,2.9871256351470947,4.891627311706543,5.354664325714111
4.57436990737915,6.390006065368652,6.0174055099487305,6.804412364959717
8.068941116333008,4.552591800689697,4.659999847412109,2.7551963329315186
4.907290458679199,6.8257927894592285,6.8283257484436035,5.952347755432129
13.624759674072266,13.081313133239746,15.611205101013184,15.189120292663574
6.762168884277344,4.011032581329346,6.253739833831787,7.522341728210449
13.712584495544434,13.082419395446777,15.544098854064941,15.690022468566895
13.33546257019043,11.875143051147461,14.685503959655762,14.456860542297363
5.552181720733643,6.263554573059082,6.315810680389404,2.235653877258301
2.837932586669922,6.163794994354248,7.289201259613037,4.163715839385986
4.444941520690918,5.764529705047607,6.876697063446045,5.2006988525390625
5.619202613830566,6.209885120391846,7.16806697845459,5.926679611206055
6.803243637084961,3.575408458709717,5.36271333694458,5.813742637634277
1.8396728038787842,1.4519083499908447,1.2414898872375488,2.4634265899658203
2.0639913082122803,3.493029832839966,5.077337741851807,5.904765605926514
14.290990829467773,13.585907936096191,16.62656021118164,16.08631134033203
3.7842514514923096,6.790666580200195,7.135494709014893,3.699085235595703
14.12878704071045,13.376714706420898,16.629737854003906,15.683099746704102
14.402437210083008,13.189286231994629,16.349567413330078,16.044174194335938
5.851763725280762,5.458704948425293,4.995028495788574,6.527895927429199
7.296103000640869,6.296265602111816,6.560174942016602,1.9840220212936401
13.599793434143066,12.0645170211792,15.007608413696289,15.285916328430176
12.889278411865234,11.964479446411133,14.859402656555176,14.702677726745605
6.636398792266846,13.210256576538086,16.69121551513672,7.534759521484375
14.516268730163574,13.409173965454102,16.86136817932129,16.509925842285156
4.488058567047119,2.1671876907348633,1.5117250680923462,3.939544916152954
6.58955717086792,4.9383368492126465,6.046043872833252,2.3495090007781982
14.695755958557129,13.404084205627441,16.78578758239746,16.320301055908203
6.969775199890137,5.490454196929932,6.0294671058654785,7.9247612953186035
3.142709732055664,6.23940896987915,5.117635250091553,5.615563869476318
2.1220455169677734,3.2083957195281982,4.50593376159668,6.862972259521484
5.907804489135742,12.692514419555664,15.886566162109375,16.077465057373047
3.4535751342773438,13.134317398071289,16.685951232910156,16.059032440185547
4.81598424911499,11.46011734008789,14.181655883789062,14.224759101867676
6.687826633453369,12.899270057678223,17.123035430908203,16.647798538208008
4.087769985198975,6.083049297332764,6.948120594024658,6.475983619689941
5.866736888885498,5.634225368499756,5.915016174316406,3.018388271331787
12.946008682250977,12.494688034057617,15.335121154785156,14.937443733215332
4.200317859649658,2.9494924545288086,4.151612758636475,2.815495729446411
14.429491996765137,12.937456130981445,16.436960220336914,15.966766357421875
2.0968432426452637,6.784358978271484,6.875099182128906,2.2776150703430176
14.5570650100708,13.17238712310791,16.38429069519043,16.234180450439453
6.323555946350098,9.837085723876953,9.204445838928223,15.404528617858887
5.918299198150635,6.257298469543457,7.487158298492432,7.485916614532471
2.072728157043457,4.894917964935303,5.539102554321289,1.526344895362854
2.4847664833068848,4.197409629821777,6.379870414733887,7.576673984527588
13.916457176208496,12.888347625732422,15.403498649597168,15.633249282836914
1.3485803604125977,2.24178147315979,4.67960262298584,1.1550629138946533
2.7603721618652344,6.239068984985352,7.230474472045898,4.885939121246338
3.9257826805114746,8.443814277648926,8.306711196899414,16.09052848815918
2.880185842514038,5.258714199066162,5.757640838623047,6.495750427246094
4.773776054382324,3.680919885635376,4.672678470611572,2.9264614582061768
5.659127235412598,4.271611213684082,5.979275703430176,2.2538890838623047
13.383996963500977,12.289347648620605,15.1763916015625,14.915200233459473
5.286283016204834,3.8722848892211914,5.615636348724365,7.346465110778809
4.147403240203857,4.486068248748779,3.753199338912964,6.30176305770874
4.615565776824951,6.604274272918701,7.2824931144714355,7.1101250648498535
13.339605331420898,12.082423210144043,15.120733261108398,15.10314655303955
2.7274234294891357,6.4365620613098145,6.333284378051758,5.669460773468018
2.7205984592437744,6.726505756378174,7.73485803604126,3.6154627799987793
4.659948825836182,6.591915607452393,7.799722671508789,5.461059093475342
4.050506114959717,6.146732330322266,6.163809776306152,2.469780445098877
13.870213508605957,12.667618751525879,15.657767295837402,15.555095672607422
13.86440658569336,12.653042793273926,16.294679641723633,15.851595878601074
0.0,0.0,0.0,0.0
2.649731159210205,6.550127983093262,7.1153082847595215,4.963563442230225
3.620654344558716,5.509026050567627,6.817830562591553,4.237817287445068
4.332515239715576,5.545156478881836,6.443078994750977,6.207325458526611
2.750119209289551,3.949833393096924,4.657400131225586,1.6826739311218262
13.592384338378906,11.937241554260254,15.209759712219238,15.078959465026855
13.865717887878418,12.375041007995605,15.548909187316895,15.368715286254883
0.0,0.0,0.0,0.0
2.2695138454437256,6.263131618499756,6.157776832580566,7.2964653968811035
2.933380365371704,7.16677188873291,7.694525718688965,2.543818950653076
3.794079065322876,5.630495548248291,6.467099666595459,2.057177782058716
5.0102033615112305,12.180825233459473,14.994580268859863,15.313405990600586
3.7851076126098633,6.021798133850098,4.452944278717041,1.8361835479736328
2.162742853164673,5.242867946624756,6.003091812133789,4.174252033233643
5.868274688720703,7.097076892852783,7.913888454437256,5.8516364097595215
5.646664619445801,3.9715497493743896,6.05422306060791,3.294025421142578
2.4157941341400146,4.146180152893066,5.965627670288086,6.883686065673828
13.940690040588379,12.770755767822266,15.884678840637207,15.698391914367676
4.594020366668701,5.434540748596191,7.0940423011779785,4.057108402252197
2.0541329383850098,5.400370121002197,5.126739501953125,2.6182148456573486
14.487432479858398,13.151171684265137,16.486614227294922,15.804239273071289
13.832526206970215,12.725883483886719,15.94228744506836,15.971969604492188
3.6143710613250732,6.110620975494385,5.924680709838867,2.2882564067840576
2.1903975009918213,4.689648151397705,5.408459186553955,2.549257278442383
7.59195613861084,3.795395851135254,3.3485093116760254,7.412144184112549
4.983675479888916,9.780694961547852,11.548481941223145,3.218050718307495
3.2605087757110596,5.226889610290527,5.7082085609436035,5.956884384155273
2.1006052494049072,6.595447063446045,5.198670387268066,3.3857932090759277
6.562357425689697,3.0429160594940186,4.610139846801758,5.829604625701904
4.23087215423584,13.025670051574707,16.042673110961914,15.503293991088867
5.7479143142700195,3.88485050201416,4.990401744842529,6.131777286529541
6.0857157707214355,2.9258041381835938,2.0973360538482666,5.471907615661621
5.3443450927734375,12.357562065124512,16.69816780090332,3.6254444122314453
4.785460948944092,12.606380462646484,16.097139358520508,16.06326675415039
4.107579708099365,12.331709861755371,14.50430679321289,15.363420486450195
14.833709716796875,12.993703842163086,16.306171417236328,16.212993621826172
1.5637850761413574,3.4725887775421143,3.9910316467285156,1.7178757190704346
14.374443054199219,12.717010498046875,15.691593170166016,15.704667091369629
2.5382442474365234,5.351383686065674,4.578060626983643,1.7101446390151978
13.255973815917969,12.482234954833984,15.574357032775879,14.941996574401855
2.1617889404296875,5.128612995147705,6.742841720581055,4.619298458099365
5.686178684234619,4.860866069793701,7.275539875030518,6.508040904998779
2.0745766162872314,4.512642860412598,3.7272939682006836,1.7121467590332031
4.422914028167725,5.225527286529541,5.57804536819458,6.566405773162842
14.498705863952637,13.168015480041504,16.531219482421875,16.131441116333008
13.912871360778809,12.465544700622559,15.142822265625,15.109078407287598
3.0303049087524414,12.225947380065918,8.081817626953125,4.41839075088501
13.41067123413086,12.408025741577148,15.159414291381836,15.163105964660645
6.144763946533203,12.746684074401855,15.374221801757812,15.736588478088379
5.750274181365967,6.645463943481445,7.878101825714111,2.8939719200134277
5.0280609130859375,5.541781425476074,7.0442423820495605,3.1676015853881836
13.535221099853516,12.363683700561523,15.342748641967773,15.10728645324707
14.60157585144043,12.993439674377441,16.39385414123535,16.43206787109375
7.270163536071777,4.318222999572754,6.86070442199707,8.126118659973145
14.300103187561035,12.496438026428223,15.730100631713867,15.552877426147461
14.1063232421875,12.686863899230957,15.741998672485352,15.540885925292969
13.444514274597168,12.761514663696289,15.251360893249512,15.022799491882324
5.16957950592041,3.82604718208313,5.114185333251953,2.7297801971435547
13.744985580444336,12.832777976989746,15.547438621520996,15.625801086425781
6.066425323486328,6.849482536315918,6.78367280960083,4.22863245010376
13.092711448669434,12.280654907226562,14.66211223602295,14.36757755279541
14.331754684448242,12.489087104797363,15.560790061950684,15.555885314941406
2.556415557861328,6.236112117767334,7.083988666534424,2.9504706859588623
5.048663139343262,5.683206081390381,6.268506050109863,2.402008056640625
6.944835662841797,6.055161952972412,4.098243236541748,3.9944841861724854
13.968280792236328,12.624490737915039,15.396977424621582,15.62959098815918
3.791965961456299,6.137040138244629,5.036495208740234,7.913759708404541
7.174628257751465,2.7558753490448,5.108180046081543,5.563960552215576
3.445204019546509,10.298418998718262,10.527030944824219,15.09887409210205
6.503734588623047,12.723770141601562,16.88144302368164,5.007713794708252
6.864987850189209,12.373504638671875,15.28394603729248,15.354598999023438
4.863903045654297,5.55636739730835,4.426116943359375,2.534698009490967
5.5436320304870605,6.560713768005371,7.205973148345947,7.210449695587158
14.453362464904785,12.954172134399414,15.972724914550781,15.842886924743652
13.807127952575684,12.511140823364258,15.580348014831543,15.26891040802002
5.756708145141602,12.621092796325684,15.483283042907715,15.670204162597656
14.040056228637695,12.710760116577148,15.801236152648926,15.627118110656738
14.263179779052734,13.324742317199707,16.316373825073242,15.918112754821777
7.079573154449463,12.074345588684082,15.086318969726562,15.398615837097168
3.821885585784912,9.820528030395508,8.609457969665527,15.226601600646973
13.233919143676758,11.913243293762207,14.73491382598877,14.467026710510254
14.494318962097168,13.094507217407227,16.10103416442871,16.2486515045166
13.176437377929688,12.007682800292969,14.906208038330078,14.723567962646484
14.515972137451172,13.499043464660645,16.520309448242188,16.13842010498047
8.10546588897705,13.727635383605957,17.380441665649414,16.926013946533203
5.824294567108154,12.28568172454834,15.917448043823242,16.083986282348633
13.763540267944336,12.811040878295898,15.770909309387207,15.522947311401367
5.543392181396484,3.015291929244995,2.2664899826049805,5.355271816253662
5.4734649658203125,5.779233455657959,4.728399276733398,6.2425312995910645
13.71706771850586,12.544466018676758,15.714883804321289,15.405852317810059
13.804838180541992,12.672741889953613,15.925882339477539,15.67650318145752
0.0,0.0,0.0,0.0
13.152894020080566,12.541644096374512,15.24805736541748,15.16258716583252
13.806998252868652,12.546213150024414,15.362263679504395,15.31276798248291
3.8453848361968994,12.192174911499023,13.801252365112305,14.870699882507324
4.683606147766113,12.653013229370117,16.63022804260254,4.161089897155762
6.6943678855896,12.35176944732666,14.780912399291992,14.839136123657227
3.555891275405884,4.8938140869140625,6.834580898284912,5.814432621002197
14.792976379394531,13.461405754089355,16.802797317504883,16.309555053710938
3.190612316131592,7.46031379699707,7.556027412414551,2.682784080505371
2.8882105350494385,4.499958515167236,6.158422946929932,1.7642300128936768
6.416718006134033,12.980876922607422,17.410667419433594,6.68208122253418
3.6545441150665283,5.308560371398926,7.121915340423584,8.083817481994629
4.5581440925598145,6.315321445465088,6.822924613952637,3.154771566390991
4.114711284637451,4.449832439422607,4.384766101837158,3.25478458404541
14.394050598144531,13.052751541137695,16.246612548828125,15.811309814453125
14.55497932434082,12.856011390686035,16.090415954589844,16.301027297973633
4.683233261108398,2.54542875289917,4.287747859954834,5.380105018615723
2.313730239868164,4.821218013763428,7.245081424713135,2.2524356842041016
5.350142478942871,6.861010551452637,6.810643672943115,2.3448688983917236
4.1736345291137695,12.285809516906738,14.325493812561035,14.404458045959473
13.84133529663086,13.238390922546387,16.254533767700195,15.813718795776367
14.2420654296875,13.241646766662598,16.343059539794922,15.8547945022583
14.310548782348633,13.125407218933105,16.359848022460938,15.925710678100586
5.73969030380249,4.121092796325684,6.157248497009277,3.004423141479492
4.961338520050049,5.674959659576416,7.310480117797852,3.8811752796173096
6.043671131134033,6.579672813415527,6.210962772369385,2.453521966934204
13.794427871704102,12.960619926452637,16.176687240600586,15.661124229431152
4.2852630615234375,3.3464274406433105,5.794105529785156,7.171462059020996
5.489651203155518,11.842415809631348,14.562732696533203,14.541138648986816
7.184230804443359,7.906219005584717,8.720845222473145,8.05906867980957
14.467233657836914,13.030338287353516,15.88084602355957,16.192724227905273
6.027070999145508,4.970907688140869,6.048672676086426,3.4708991050720215
14.53244400024414,12.597264289855957,15.62447452545166,16.033294677734375
4.406380653381348,12.207169532775879,15.358490943908691,15.347310066223145
14.22163200378418,12.751848220825195,15.691886901855469,15.712225914001465
4.7896728515625,4.754941463470459,7.2634758949279785,3.385368824005127
5.867672443389893,4.232144832611084,6.820346832275391,5.746313571929932
5.397096633911133,5.499542236328125,4.34874963760376,3.380316972732544
13.08804702758789,11.87933349609375,14.673776626586914,14.80098819732666
1.3792903423309326,2.1349592208862305,4.351755142211914,1.1667401790618896
2.0173840522766113,5.222849369049072,4.6300458908081055,5.270506381988525
13.802801132202148,12.479459762573242,15.482072830200195,15.463129043579102
7.729040145874023,6.758111000061035,7.167690753936768,3.72807240486145
6.3400092124938965,6.085109233856201,5.9491095542907715,6.906659126281738
4.119606018066406,12.391786575317383,15.065059661865234,15.071070671081543
3.903106212615967,4.5647454261779785,6.100413799285889,2.4521396160125732
5.239280700683594,2.7185678482055664,1.8054909706115723,4.639651298522949
1.3545079231262207,2.456987142562866,2.8416898250579834,1.1635245084762573
5.713730812072754,4.412033557891846,6.539182186126709,4.313051223754883
3.207076072692871,6.4356913566589355,6.4287190437316895,6.9344587326049805
